platform,creator_id,post_id,url,published_at,year_month,title,is_paywalled,has_full_text,word_count,tags,claps_or_likes,comments_count,language,audience,text_source
substack,substack:slowboring,217248904,https://www.slowboring.com/p/thursday-discussion-post-ed8,2026-09-24T22:00:56.746Z,2026-09,Thursday discussion post,true,false,,,4,283,,only_paid,archive_api
substack,substack:slowboring,216046144,https://www.slowboring.com/p/the-ai-apocalypse-canon-and-why-it,2026-09-24T10:02:49.000Z,2026-09,The A.I. apocalypse canon and why it matters,true,false,,,98,435,,only_paid,archive_api
substack,substack:slowboring,217098333,https://www.slowboring.com/p/the-argument-podcast-ad-free-is-the,2026-09-24T10:02:47.021Z,2026-09,"“The Argument” podcast, ad-free: Is the A.I. apocalypse coming for us all?",true,false,,,5,,,only_paid,archive_api
substack,substack:slowboring,217108982,https://www.slowboring.com/p/wednesday-discussion-post-d12,2026-09-23T22:01:01.076Z,2026-09,Wednesday discussion post,true,false,,,6,104,,only_paid,archive_api
substack,substack:slowboring,216158740,https://www.slowboring.com/p/the-republican-urge-to-start-wars,2026-09-23T10:02:13.087Z,2026-09,The Republican urge to start wars in the Middle East,false,true,2156,,346,309,,everyone,posts_api
substack,substack:slowboring,216919541,https://www.slowboring.com/p/tuesday-discussion-post-f5d,2026-09-22T22:00:53.205Z,2026-09,Tuesday discussion post,true,false,,,7,168,,only_paid,archive_api
substack,substack:slowboring,216624388,https://www.slowboring.com/p/why-i-send-my-kid-to-low-income-urban,2026-09-22T10:03:25.290Z,2026-09,Why I send my kid to low-income urban public schools,true,false,,,494,709,,only_paid,archive_api
substack,substack:slowboring,216769614,https://www.slowboring.com/p/a-market-full-of-paradoxes,2026-09-21T22:01:26.357Z,2026-09,A market full of paradoxes,true,false,,,60,189,,only_paid,archive_api
substack,substack:slowboring,214290595,https://www.slowboring.com/p/is-the-blue-wave-forecast-by-polling,2026-09-21T10:02:59.058Z,2026-09,Is the blue wave forecast by polling real?,false,false,,,233,196,,everyone,archive_api
substack,substack:slowboring,216204995,https://www.slowboring.com/p/sunday-thread-mailbag-457,2026-09-20T17:00:51.343Z,2026-09,Sunday Thread + Mailbag,true,false,,,16,549,,only_paid,archive_api
substack,substack:slowboring,216205204,https://www.slowboring.com/p/what-stake-does-airbnb-have-in-the,2026-09-19T13:02:08.121Z,2026-09,What stake does Airbnb have in the supply game?,true,false,,,49,81,,only_paid,archive_api
substack,substack:slowboring,216328103,https://www.slowboring.com/p/friday-discussion-post-cbc,2026-09-18T22:02:04.109Z,2026-09,Friday discussion post,true,false,,,6,237,,only_paid,archive_api
substack,substack:slowboring,215747343,https://www.slowboring.com/p/trying-to-convince-people-youre-right,2026-09-18T10:01:04.886Z,2026-09,Trying to convince people you’re right is underrated,true,false,,,187,660,,only_paid,archive_api
substack,substack:slowboring,216161447,https://www.slowboring.com/p/thursday-discussion-post-af3,2026-09-17T22:01:07.682Z,2026-09,Thursday discussion post,true,false,,,6,200,,only_paid,archive_api
substack,substack:slowboring,216057034,https://www.slowboring.com/p/the-argument-podcast-ad-free-why,2026-09-17T17:52:33.946Z,2026-09,"“The Argument” podcast, ad-free: Why the worst people always end up in charge",true,false,,,13,2,,only_paid,archive_api
substack,substack:slowboring,215896415,https://www.slowboring.com/p/how-to-stop-hitler,2026-09-17T10:03:35.782Z,2026-09,How to stop Hitler,true,false,,,125,292,,only_paid,archive_api
substack,substack:slowboring,216024111,https://www.slowboring.com/p/republicans-are-playing-defense-in,2026-09-16T22:01:05.159Z,2026-09,Republicans are playing defense in what should be easy races,true,false,,,52,217,,only_paid,archive_api
substack,substack:slowboring,215501256,https://www.slowboring.com/p/destroying-womens-sports-in-order,2026-09-16T10:01:26.617Z,2026-09,Destroying women’s sports in order to save it,false,false,,,379,782,,everyone,archive_api
substack,substack:slowboring,215823634,https://www.slowboring.com/p/tuesday-discussion-post-294,2026-09-15T22:01:57.067Z,2026-09,Tuesday discussion post,true,false,,,5,216,,only_paid,archive_api
substack,substack:slowboring,215085063,https://www.slowboring.com/p/sanctions-on-west-bank-settlements,2026-09-15T10:02:03.433Z,2026-09,Sanctions on West Bank settlements aren’t enough ,true,false,,,222,686,,only_paid,archive_api
substack,substack:slowboring,215686458,https://www.slowboring.com/p/bay-area-officials-want-more-housing,2026-09-14T22:01:53.111Z,2026-09,Bay Area officials want more housing to keep up with the A.I. boom. One developer sees a different opportunity.,true,false,,,41,135,,only_paid,archive_api
substack,substack:slowboring,215120413,https://www.slowboring.com/p/a-simple-plan-to-save-the-world-from,2026-09-14T10:03:04.342Z,2026-09,A simple plan to save the world from rogue A.I.,false,false,,,447,575,,everyone,archive_api
substack,substack:slowboring,215084861,https://www.slowboring.com/p/sunday-thread-mailbag-9e2,2026-09-13T17:01:52.618Z,2026-09,Sunday Thread + Mailbag,true,false,,,13,419,,only_paid,archive_api
substack,substack:slowboring,215253631,https://www.slowboring.com/p/what-ive-learned-after-a-year-covering,2026-09-12T13:03:58.765Z,2026-09,What I’ve learned after a year covering housing,true,false,,,72,195,,only_paid,archive_api
substack,substack:slowboring,215255433,https://www.slowboring.com/p/friday-discussion-post-178,2026-09-11T22:01:04.181Z,2026-09,Friday discussion post,true,false,,,3,149,,only_paid,archive_api
substack,substack:slowboring,214514378,https://www.slowboring.com/p/911-was-a-hinge-point-of-history,2026-09-11T10:03:13.122Z,2026-09,We’re still underrating 9/11’s impact ,true,false,,,287,480,,only_paid,archive_api
substack,substack:slowboring,215061937,https://www.slowboring.com/p/thursday-discussion-post-31b,2026-09-10T22:00:47.778Z,2026-09,Thursday discussion post,true,false,,,10,149,,only_paid,archive_api
substack,substack:slowboring,214556400,https://www.slowboring.com/p/the-economy-could-survive-a-downtick,2026-09-10T10:02:14.210Z,2026-09,The economy could survive a downtick in A.I.,true,false,,,140,411,,only_paid,archive_api
substack,substack:slowboring,214884489,https://www.slowboring.com/p/the-911-attacks-and-the-crisis-of,2026-09-10T09:02:02.893Z,2026-09,The 9/11 attacks and the crisis of global liberalism ,true,false,,,33,28,,only_paid,archive_api
substack,substack:slowboring,214914732,https://www.slowboring.com/p/alaskas-ranked-choice-voting-six,2026-09-09T22:01:34.202Z,2026-09,Alaska’s ranked choice voting: Six years of experimenting and its biggest test yet,true,false,,,60,177,,only_paid,archive_api
substack,substack:slowboring,214152747,https://www.slowboring.com/p/trumps-terrible-plan-to-break-skilled,2026-09-09T10:00:39.325Z,2026-09,Trump’s terrible plan to break skilled immigration,false,false,,,260,384,,everyone,archive_api
substack,substack:slowboring,214744866,https://www.slowboring.com/p/tuesday-discussion-post-bfd,2026-09-08T22:01:21.506Z,2026-09,Tuesday discussion post,true,false,,,7,287,,only_paid,archive_api
substack,substack:slowboring,212896593,https://www.slowboring.com/p/theres-an-awful-lot-we-dont-know,2026-09-08T10:03:27.127Z,2026-09,There’s an awful lot we don’t know about data centers,true,false,,,228,352,,only_paid,archive_api
substack,substack:slowboring,214210033,https://www.slowboring.com/p/monday-discussion-post-a92,2026-09-07T22:00:41.431Z,2026-09,Monday discussion post,true,false,,,5,24,,only_paid,archive_api
substack,substack:slowboring,214058950,https://www.slowboring.com/p/sunday-thread-mailbag-daf,2026-09-06T17:01:38.713Z,2026-09,Sunday Thread + Mailbag,true,false,,,12,607,,only_paid,archive_api
substack,substack:slowboring,214190223,https://www.slowboring.com/p/the-return-of-institutional-purpose,2026-09-05T13:02:15.312Z,2026-09,The return of institutional purpose,false,true,1826,,88,176,,everyone,posts_api
substack,substack:slowboring,214197012,https://www.slowboring.com/p/friday-discussion-post-cb5,2026-09-04T22:01:01.924Z,2026-09,Friday discussion post,true,false,,,7,112,,only_paid,archive_api
substack,substack:slowboring,214189515,https://www.slowboring.com/p/slow-boring-dc-happy-hour-on-wednesday,2026-09-04T22:00:35.624Z,2026-09,Slow Boring D.C. happy hour on Wednesday,true,false,,,20,14,,only_paid,archive_api
substack,substack:slowboring,213921020,https://www.slowboring.com/p/you-cant-blame-housing-shortages,2026-09-04T10:03:10.314Z,2026-09,You can’t blame housing shortages for literally everything,true,false,,,114,302,,only_paid,archive_api
substack,substack:slowboring,214053568,https://www.slowboring.com/p/thursday-discussion-post-913,2026-09-03T22:00:55.532Z,2026-09,Thursday discussion post,true,false,,,10,316,,only_paid,archive_api
substack,substack:slowboring,213739375,https://www.slowboring.com/p/stop-making-up-reasons-to-be-mad,2026-09-03T10:02:11.144Z,2026-09,Stop making up reasons to be mad ,true,false,,,319,476,,only_paid,archive_api
substack,substack:slowboring,213841431,https://www.slowboring.com/p/is-there-a-liberal-center-should,2026-09-03T09:02:12.222Z,2026-09,Is there a liberal center? Should there be?,true,false,,,38,21,,only_paid,archive_api
substack,substack:slowboring,213877491,https://www.slowboring.com/p/coalescence-or-no-alescence,2026-09-02T22:01:25.540Z,2026-09,Coalescence or ... no-alescence,true,false,,,48,253,,only_paid,archive_api
substack,substack:slowboring,213415648,https://www.slowboring.com/p/an-easy-way-to-give-kids-more-freedom,2026-09-02T10:03:20.086Z,2026-09,An easy way to give kids more freedom,false,false,,,299,282,,everyone,archive_api
substack,substack:slowboring,213746284,https://www.slowboring.com/p/tuesday-discussion-post-c21,2026-09-01T22:01:47.530Z,2026-09,Tuesday discussion post,true,false,,,13,247,,only_paid,archive_api
substack,substack:slowboring,213134806,https://www.slowboring.com/p/republicans-have-a-big-midterm-cash,2026-09-01T10:03:20.495Z,2026-09,Republicans have a big midterm cash advantage,true,false,,,155,491,,only_paid,archive_api
substack,substack:slowboring,213561180,https://www.slowboring.com/p/the-many-ways-to-build-more-housing,2026-08-31T22:01:29.533Z,2026-08,The many ways to build more housing,true,false,,,52,154,,only_paid,archive_api
substack,substack:slowboring,212989980,https://www.slowboring.com/p/democrats-should-vow-to-surrender,2026-08-31T10:03:38.410Z,2026-08,Democrats should vow to surrender in the Canada trade war ,false,true,1650,,508,487,,everyone,posts_api
substack,substack:slowboring,213051217,https://www.slowboring.com/p/sunday-thread-mailbag-03e,2026-08-30T17:00:51.161Z,2026-08,Sunday Thread + Mailbag,true,false,,,12,535,,only_paid,archive_api
substack,substack:slowboring,213044483,https://www.slowboring.com/p/everything-is-country,2026-08-29T13:01:51.178Z,2026-08,Everything is country,true,false,,,88,237,,only_paid,archive_api
substack,substack:slowboring,213051327,https://www.slowboring.com/p/friday-discussion-post-833,2026-08-28T22:01:24.616Z,2026-08,Friday discussion post,true,false,,,31,231,,only_paid,archive_api
substack,substack:slowboring,212782625,https://www.slowboring.com/p/the-great-awokening-started-in-2014,2026-08-28T10:01:02.772Z,2026-08,"The Great Awokening started in 2014, not 2020 ",true,false,,,220,455,,only_paid,archive_api
substack,substack:slowboring,213000311,https://www.slowboring.com/p/thursday-discussion-post-9b4,2026-08-27T22:01:09.020Z,2026-08,Thursday discussion post,true,false,,,10,149,,only_paid,archive_api
substack,substack:slowboring,212688282,https://www.slowboring.com/p/politics-should-be-more-boring,2026-08-27T10:02:58.077Z,2026-08,Politics should be more boring ,false,false,,,386,300,,everyone,archive_api
substack,substack:slowboring,212733706,https://www.slowboring.com/p/the-anti-social-century-with-derek,2026-08-27T09:02:08.883Z,2026-08,The “anti-social century” with Derek Thompson,true,false,,,37,28,,only_paid,archive_api
substack,substack:slowboring,212886557,https://www.slowboring.com/p/as-one-housing-reform-works-in-texas,2026-08-26T22:01:33.540Z,2026-08,"As one housing reform works in Texas, another in Colorado hits a budgetary hitch",true,false,,,38,135,,only_paid,archive_api
substack,substack:slowboring,212553795,https://www.slowboring.com/p/yimbys-already-have-a-bold-vision,2026-08-26T10:02:08.642Z,2026-08,YIMBYs already have a bold vision for solving the housing crisis,false,false,,,518,387,,everyone,archive_api
substack,substack:slowboring,212746022,https://www.slowboring.com/p/tuesday-discussion-post-3f4,2026-08-25T22:01:01.871Z,2026-08,Tuesday discussion post,true,false,,,14,284,,only_paid,archive_api
substack,substack:slowboring,212322500,https://www.slowboring.com/p/the-western-water-crisis-has-a-simple,2026-08-25T10:02:01.043Z,2026-08,The Western water crisis has a simple solution,true,false,,,356,351,,only_paid,archive_api
substack,substack:slowboring,212579984,https://www.slowboring.com/p/three-dan-sullivans-walk-into-a-race,2026-08-24T22:01:48.680Z,2026-08,Three Dan Sullivans walk into a race for Senate,true,false,,,60,168,,only_paid,archive_api
substack,substack:slowboring,211442450,https://www.slowboring.com/p/the-real-reason-nobody-feels-good,2026-08-24T10:03:32.988Z,2026-08,The real reason nobody feels good about technological progress,true,false,,,377,322,,only_paid,archive_api
substack,substack:slowboring,212027149,https://www.slowboring.com/p/sunday-thread-mailbag-1ae,2026-08-23T17:00:44.740Z,2026-08,Sunday Thread + Mailbag,true,false,,,12,563,,only_paid,archive_api
substack,substack:slowboring,212026786,https://www.slowboring.com/p/saturday-discussion-post-cd3,2026-08-22T17:00:38.198Z,2026-08,Saturday discussion post,true,false,,,,187,,only_paid,archive_api
substack,substack:slowboring,212022705,https://www.slowboring.com/p/what-kind-of-democrat-can-win,2026-08-21T22:00:42.244Z,2026-08,What kind of Democrat can win?,true,false,,,12,183,,only_paid,archive_api
substack,substack:slowboring,211744783,https://www.slowboring.com/p/giving-the-people-what-they-want,2026-08-21T10:02:18.822Z,2026-08,Giving the people what they want (not data centers),false,false,,,254,565,,everyone,archive_api
substack,substack:slowboring,212009302,https://www.slowboring.com/p/thursday-discussion-post-b83,2026-08-20T22:00:41.553Z,2026-08,Thursday discussion post,true,false,,,5,267,,only_paid,archive_api
substack,substack:slowboring,211125784,https://www.slowboring.com/p/thousands-of-years-of-indoor-air,2026-08-20T10:03:50.546Z,2026-08,Thousands of years of indoor air pollution ,true,false,,,275,225,,only_paid,archive_api
substack,substack:slowboring,211534317,https://www.slowboring.com/p/everyone-hates-the-elites-but-who,2026-08-20T09:01:03.531Z,2026-08,"Everyone hates the “elites,” but who are they?",true,false,,,43,47,,only_paid,archive_api
substack,substack:slowboring,211877176,https://www.slowboring.com/p/the-have-and-have-not-housing-market,2026-08-19T22:01:42.687Z,2026-08,The have-and-have-not housing market,true,false,,,67,158,,only_paid,archive_api
substack,substack:slowboring,211555191,https://www.slowboring.com/p/two-kinds-of-moderate-democrats,2026-08-19T10:02:12.927Z,2026-08,Two kinds of moderate Democrats,false,true,2276,,427,528,,everyone,posts_api
substack,substack:slowboring,211721613,https://www.slowboring.com/p/tuesday-discussion-post-6e3,2026-08-18T22:01:55.229Z,2026-08,Tuesday discussion post,true,false,,,6,319,,only_paid,archive_api
substack,substack:slowboring,211225294,https://www.slowboring.com/p/the-invisible-faction-that-dominates,2026-08-18T10:02:46.162Z,2026-08,The invisible faction that dominates the Democratic Party ,false,false,,,566,402,,everyone,archive_api
substack,substack:slowboring,211590723,https://www.slowboring.com/p/chaos-theory,2026-08-17T22:01:00.429Z,2026-08,Chaos theory,true,false,,,62,325,,only_paid,archive_api
substack,substack:slowboring,211086392,https://www.slowboring.com/p/woke-1-is-dead-weve-learned-nothing,2026-08-17T10:01:37.357Z,2026-08,Woke 1 is dead. We’ve learned nothing.,true,false,,,627,793,,only_paid,archive_api
substack,substack:slowboring,211066546,https://www.slowboring.com/p/sunday-thread-mailbag-00a,2026-08-16T17:03:15.399Z,2026-08,Sunday Thread + Mailbag,true,false,,,18,567,,only_paid,archive_api
substack,substack:slowboring,211066056,https://www.slowboring.com/p/saturday-discussion-post-376,2026-08-15T17:01:22.441Z,2026-08,Saturday discussion post,true,false,,,2,183,,only_paid,archive_api
substack,substack:slowboring,211124888,https://www.slowboring.com/p/what-is-college-worth,2026-08-14T22:01:12.055Z,2026-08,What is college worth?,true,false,,,70,221,,only_paid,archive_api
substack,substack:slowboring,210837664,https://www.slowboring.com/p/history-often-hinges-on-boring-technical,2026-08-14T10:03:19.317Z,2026-08,History often hinges on boring technical questions ,false,false,,,244,475,,everyone,archive_api
substack,substack:slowboring,211058888,https://www.slowboring.com/p/thursday-discussion-post-6fb,2026-08-13T22:01:00.907Z,2026-08,Thursday discussion post,true,false,,,7,190,,only_paid,archive_api
substack,substack:slowboring,210582753,https://www.slowboring.com/p/medicare-for-all-should-be-more-like,2026-08-13T10:01:20.162Z,2026-08,Medicare for All should be more like Medicare,true,false,,,235,433,,only_paid,archive_api
substack,substack:slowboring,210495051,https://www.slowboring.com/p/from-bowling-alone-to-scrolling-alone,2026-08-13T09:02:11.525Z,2026-08,From “Bowling Alone” to scrolling alone,true,false,,,59,51,,only_paid,archive_api
substack,substack:slowboring,210928304,https://www.slowboring.com/p/new-york-is-building-but-where,2026-08-12T22:02:07.154Z,2026-08,New York is building. But where?,true,false,,,49,326,,only_paid,archive_api
substack,substack:slowboring,210212399,https://www.slowboring.com/p/abdul-el-sayed-can-win-moderate-voters,2026-08-12T10:03:50.139Z,2026-08,Abdul El-Sayed can win moderate voters ,false,false,,,297,634,,everyone,archive_api
substack,substack:slowboring,210757539,https://www.slowboring.com/p/tuesday-discussion-post-f07,2026-08-11T22:01:04.267Z,2026-08,Tuesday discussion post,true,false,,,6,297,,only_paid,archive_api
substack,substack:slowboring,210093339,https://www.slowboring.com/p/the-20-burrito-tearing-the-republican,2026-08-11T10:00:38.536Z,2026-08,The $20 burrito tearing the Republican Party apart,false,false,,,447,568,,everyone,archive_api
substack,substack:slowboring,210639991,https://www.slowboring.com/p/the-left-is-winning-primaries-can,2026-08-10T22:00:43.554Z,2026-08,The left is winning primaries. Can it win general elections?,true,false,,,63,302,,only_paid,archive_api
substack,substack:slowboring,210000326,https://www.slowboring.com/p/a-strange-gifted-education-success,2026-08-10T10:02:01.383Z,2026-08,A strange gifted education success story,true,false,,,182,340,,only_paid,archive_api
substack,substack:slowboring,210116823,https://www.slowboring.com/p/sunday-thread-mailbag-3f5,2026-08-09T17:01:54.175Z,2026-08,Sunday Thread + Mailbag,true,false,,,17,681,,only_paid,archive_api
substack,substack:slowboring,210116610,https://www.slowboring.com/p/saturday-discussion-post-014,2026-08-08T17:01:22.517Z,2026-08,Saturday discussion post,true,false,,,3,151,,only_paid,archive_api
substack,substack:slowboring,210230649,https://www.slowboring.com/p/theater-is-weird-and-thats-the-point,2026-08-07T22:00:06.559Z,2026-08,"Theater is weird, and that’s the point.",true,false,,,108,205,,only_paid,archive_api
substack,substack:slowboring,209927988,https://www.slowboring.com/p/in-praise-of-commercial-culture,2026-08-07T10:02:12.688Z,2026-08,In praise of commercial culture ,false,false,,,254,628,,everyone,archive_api
substack,substack:slowboring,210099758,https://www.slowboring.com/p/thursday-discussion-post-302,2026-08-06T22:02:07.096Z,2026-08,Thursday discussion post,true,false,,,13,298,,only_paid,archive_api
substack,substack:slowboring,209565504,https://www.slowboring.com/p/the-message-behind-christopher-nolans,2026-08-06T10:04:00.624Z,2026-08,The message behind Christopher Nolan’s most important change to “The Odyssey”,true,false,,,336,374,,only_paid,archive_api
substack,substack:slowboring,209837205,https://www.slowboring.com/p/a-look-back-at-metoo,2026-08-06T09:00:45.332Z,2026-08,A look back at #MeToo,true,false,,,51,59,,only_paid,archive_api
substack,substack:slowboring,209944873,https://www.slowboring.com/p/theyve-had-it-up-to-here-with-the,2026-08-05T22:01:33.947Z,2026-08,They’ve had it up to here with the NIMBYs,true,false,,,70,169,,only_paid,archive_api
substack,substack:slowboring,209365045,https://www.slowboring.com/p/republicans-are-in-too-little-disarray,2026-08-05T10:04:14.120Z,2026-08,Republicans are in too little disarray ,false,false,,,385,591,,everyone,archive_api
substack,substack:slowboring,209804064,https://www.slowboring.com/p/tuesday-discussion-post-f1f,2026-08-04T22:01:01.995Z,2026-08,Tuesday discussion post,true,false,,,10,201,,only_paid,archive_api
substack,substack:slowboring,209232375,https://www.slowboring.com/p/mamdanis-not-the-first-to-try-to,2026-08-04T10:02:35.833Z,2026-08,Mamdani’s not the first to try to bring cheap groceries to N.Y.C.,true,false,,,290,478,,only_paid,archive_api
substack,substack:slowboring,209663679,https://www.slowboring.com/p/democrats-are-winning-the-polls-but,2026-08-03T22:01:04.382Z,2026-08,Democrats are winning the polls but losing the plot,true,false,,,89,216,,only_paid,archive_api
substack,substack:slowboring,209145564,https://www.slowboring.com/p/democrats-should-seize-the-chance,2026-08-03T10:03:50.268Z,2026-08,Democrats should seize the chance to end the filibuster ,true,false,,,275,544,,only_paid,archive_api
substack,substack:slowboring,209140314,https://www.slowboring.com/p/sunday-thread-mailbag-506,2026-08-02T17:00:30.614Z,2026-08,Sunday Thread + Mailbag,true,false,,,17,713,,only_paid,archive_api
substack,substack:slowboring,209140107,https://www.slowboring.com/p/saturday-discussion-post-17c,2026-08-01T17:00:47.212Z,2026-08,Saturday discussion post,true,false,,,5,272,,only_paid,archive_api
substack,substack:slowboring,209164952,https://www.slowboring.com/p/12-things-ive-learned-in-12-months,2026-07-31T22:01:16.462Z,2026-07,12 things I’ve learned in 12 months of writing for Slow Boring,true,false,,,160,176,,only_paid,archive_api
substack,substack:slowboring,208960033,https://www.slowboring.com/p/mega-events-are-the-new-monoculture,2026-07-31T10:01:33.219Z,2026-07,Mega-events are the new monoculture,true,false,,,141,424,,only_paid,archive_api
substack,substack:slowboring,209123806,https://www.slowboring.com/p/thursday-discussion-post-8c1,2026-07-30T22:01:51.495Z,2026-07,Thursday discussion post,true,false,,,10,227,,only_paid,archive_api
substack,substack:slowboring,208811992,https://www.slowboring.com/p/how-trump-made-america-less-popular,2026-07-30T10:01:52.237Z,2026-07,How Trump made America less popular than China,false,false,,,363,452,,everyone,archive_api
substack,substack:slowboring,208882234,https://www.slowboring.com/p/the-case-against-homeownership,2026-07-30T09:01:49.432Z,2026-07,The case against homeownership ,true,false,,,56,87,,only_paid,archive_api
substack,substack:slowboring,208993524,https://www.slowboring.com/p/one-block-two-fights,2026-07-29T22:01:55.791Z,2026-07,"One block, two fights",true,false,,,57,324,,only_paid,archive_api
substack,substack:slowboring,208342303,https://www.slowboring.com/p/why-free-markets-beat-capitalism,2026-07-29T10:02:17.410Z,2026-07,Why free markets beat capitalism ,false,false,,,585,699,,everyone,archive_api
substack,substack:slowboring,208856208,https://www.slowboring.com/p/tuesday-discussion-post-849,2026-07-28T22:00:44.556Z,2026-07,Tuesday discussion post,true,false,,,6,396,,only_paid,archive_api
substack,substack:slowboring,208042937,https://www.slowboring.com/p/a-great-idea-that-everyone-hates,2026-07-28T10:03:03.346Z,2026-07,A great idea that everyone hates,true,false,,,240,454,,only_paid,archive_api
substack,substack:slowboring,208721915,https://www.slowboring.com/p/the-midterms-100-days-out,2026-07-27T22:00:53.167Z,2026-07,"The midterms, 100 days out",true,false,,,63,299,,only_paid,archive_api
substack,substack:slowboring,208186790,https://www.slowboring.com/p/historical-accuracy-is-a-surprisingly,2026-07-27T10:02:20.094Z,2026-07,Historical accuracy is a surprisingly modern idea ,true,false,,,215,389,,only_paid,archive_api
substack,substack:slowboring,208377218,https://www.slowboring.com/p/sunday-thread-mailbag-a90,2026-07-26T17:01:23.059Z,2026-07,Sunday Thread + Mailbag,true,false,,,20,668,,only_paid,archive_api
substack,substack:slowboring,208377199,https://www.slowboring.com/p/saturday-discussion-post-62d,2026-07-25T17:01:09.503Z,2026-07,Saturday discussion post,true,false,,,2,84,,only_paid,archive_api
substack,substack:slowboring,208351538,https://www.slowboring.com/p/thank-you-christopher-nolan,2026-07-24T22:00:53.182Z,2026-07,"Thank you, Christopher Nolan",true,false,,,104,328,,only_paid,archive_api
substack,substack:slowboring,207953118,https://www.slowboring.com/p/great-speeches-need-good-ideas,2026-07-24T10:01:44.926Z,2026-07,Great speeches need good ideas,true,false,,,184,620,,only_paid,archive_api
substack,substack:slowboring,208207304,https://www.slowboring.com/p/thursday-discussion-post-6f1,2026-07-23T22:00:47.602Z,2026-07,Thursday discussion post,true,false,,,16,250,,only_paid,archive_api
substack,substack:slowboring,207572507,https://www.slowboring.com/p/landlords-are-inevitable,2026-07-23T10:02:12.006Z,2026-07,Landlords are inevitable,true,false,,,334,547,,only_paid,archive_api
substack,substack:slowboring,207992764,https://www.slowboring.com/p/will-ai-take-your-job-mine-everyones,2026-07-23T09:00:49.060Z,2026-07,Will A.I. take your job? Mine? Everyone’s?,true,false,,,50,29,,only_paid,archive_api
substack,substack:slowboring,208074886,https://www.slowboring.com/p/housing-is-at-the-top-of-everyones,2026-07-22T22:01:12.500Z,2026-07,Housing is at the top of everyone’s agenda,true,false,,,53,269,,only_paid,archive_api
substack,substack:slowboring,207373414,https://www.slowboring.com/p/the-lost-joy-of-monoculture,2026-07-22T10:02:22.897Z,2026-07,The lost joy of monoculture,false,false,,,402,608,,everyone,archive_api
substack,substack:slowboring,207930313,https://www.slowboring.com/p/tuesday-discussion-post-159,2026-07-21T22:01:04.762Z,2026-07,Tuesday discussion post,true,false,,,7,170,,only_paid,archive_api
substack,substack:slowboring,207550155,https://www.slowboring.com/p/how-the-center-left-can-come-back,2026-07-21T10:02:37.068Z,2026-07,How the center-left can come back in 2028,true,false,,,309,643,,only_paid,archive_api
substack,substack:slowboring,207799296,https://www.slowboring.com/p/democratic-fields-are-shifting-gop,2026-07-20T22:01:05.908Z,2026-07,Democratic fields are shifting; G.O.P. bank accounts are growing,true,false,,,64,188,,only_paid,archive_api
substack,substack:slowboring,207264276,https://www.slowboring.com/p/the-futile-quest-to-define-class,2026-07-20T10:01:20.543Z,2026-07,The futile quest to define class in America,true,false,,,249,480,,only_paid,archive_api
substack,substack:slowboring,207418505,https://www.slowboring.com/p/sunday-thread-mailbag-4c8,2026-07-19T17:00:24.404Z,2026-07,Sunday Thread + Mailbag,true,false,,,15,502,,only_paid,archive_api
substack,substack:slowboring,207417765,https://www.slowboring.com/p/saturday-discussion-post-4a8,2026-07-18T17:00:24.680Z,2026-07,Saturday discussion post,true,false,,,2,116,,only_paid,archive_api
substack,substack:slowboring,207321583,https://www.slowboring.com/p/vibes-are-winning-whether-you-like,2026-07-17T22:00:19.782Z,2026-07,"Vibes are winning, whether you like it or not",true,false,,,118,203,,only_paid,archive_api
substack,substack:slowboring,206763055,https://www.slowboring.com/p/the-data-center-backlash-isnt-just,2026-07-17T10:00:37.627Z,2026-07,The data center backlash isn’t just NIMBYism,false,true,4329,,257,618,,everyone,posts_api
substack,substack:slowboring,207301736,https://www.slowboring.com/p/thursday-discussion-post-dd8,2026-07-16T22:02:24.640Z,2026-07,Thursday discussion post,true,false,,,5,201,,only_paid,archive_api
substack,substack:slowboring,206855619,https://www.slowboring.com/p/the-progressive-executive-power-delusion,2026-07-16T10:02:10.642Z,2026-07,The progressive executive power delusion,true,false,,,259,676,,only_paid,archive_api
substack,substack:slowboring,207089143,https://www.slowboring.com/p/is-there-any-oligarchy-to-fight,2026-07-16T09:02:12.017Z,2026-07,Is there any “oligarchy” to fight?,true,false,,,91,62,,only_paid,archive_api
substack,substack:slowboring,207168580,https://www.slowboring.com/p/the-abundance-agenda-has-arrived,2026-07-15T22:01:59.667Z,2026-07,The abundance agenda has arrived,true,false,,,78,208,,only_paid,archive_api
substack,substack:slowboring,206577180,https://www.slowboring.com/p/farms-arent-nature,2026-07-15T10:01:09.687Z,2026-07,Farms aren’t nature,false,false,,,494,302,,everyone,archive_api
substack,substack:slowboring,207044738,https://www.slowboring.com/p/tuesday-discussion-post-02b,2026-07-14T22:00:42.400Z,2026-07,Tuesday discussion post,true,false,,,7,191,,only_paid,archive_api
substack,substack:slowboring,205205936,https://www.slowboring.com/p/trump-hasnt-even-tried-to-pass-an,2026-07-14T10:02:30.048Z,2026-07,Trump hasn’t even tried to pass an immigration bill,true,false,,,228,398,,only_paid,archive_api
substack,substack:slowboring,206864820,https://www.slowboring.com/p/two-grahams-one-wild-week,2026-07-13T22:00:44.003Z,2026-07,"Two Grahams, one wild week",true,false,,,41,152,,only_paid,archive_api
substack,substack:slowboring,206271373,https://www.slowboring.com/p/the-midterm-candidates-who-deserve,2026-07-13T10:04:02.766Z,2026-07,The midterm candidates who deserve your money,false,false,,,231,146,,everyone,archive_api
substack,substack:slowboring,206448303,https://www.slowboring.com/p/sunday-thread-mailbag-051,2026-07-12T17:02:19.810Z,2026-07,Sunday Thread + Mailbag,true,false,,,11,517,,only_paid,archive_api
substack,substack:slowboring,206448134,https://www.slowboring.com/p/saturday-discussion-post-db8,2026-07-11T17:01:39.219Z,2026-07,Saturday discussion post,true,false,,,5,223,,only_paid,archive_api
substack,substack:slowboring,206439914,https://www.slowboring.com/p/the-party-cant-fire-you,2026-07-10T22:00:33.272Z,2026-07,The party can’t fire you,true,false,,,79,239,,only_paid,archive_api
substack,substack:slowboring,205650165,https://www.slowboring.com/p/the-promise-and-peril-of-an-abundance,2026-07-10T10:04:13.613Z,2026-07,The promise and peril of an abundance faction,false,false,,,327,655,,everyone,archive_api
substack,substack:slowboring,206305881,https://www.slowboring.com/p/thursday-discussion-post-c89,2026-07-09T22:00:29.633Z,2026-07,Thursday discussion post,true,false,,,8,159,,only_paid,archive_api
substack,substack:slowboring,203676866,https://www.slowboring.com/p/mark-carneys-national-liberalism,2026-07-09T10:01:46.901Z,2026-07,Mark Carney’s national liberalism ,true,false,,,255,377,,only_paid,archive_api
substack,substack:slowboring,205955833,https://www.slowboring.com/p/jane-jacobss-urbanism-without-economics,2026-07-09T09:01:00.885Z,2026-07,Jane Jacobs’s urbanism without economics,true,false,,,44,56,,only_paid,archive_api
substack,substack:slowboring,206100091,https://www.slowboring.com/p/upzoned-overbid-under-construction,2026-07-08T22:01:16.804Z,2026-07,"Upzoned, overbid, under construction",true,false,,,56,379,,only_paid,archive_api
substack,substack:slowboring,204123582,https://www.slowboring.com/p/the-resistances-favorite-poker-metaphor,2026-07-08T10:03:20.249Z,2026-07,The Resistance’s favorite poker metaphor makes no sense,false,false,,,473,596,,everyone,archive_api
substack,substack:slowboring,205784677,https://www.slowboring.com/p/tuesday-discussion-post-9bd,2026-07-07T22:01:08.931Z,2026-07,Tuesday discussion post,true,false,,,14,347,,only_paid,archive_api
substack,substack:slowboring,201425233,https://www.slowboring.com/p/baltimores-incredible-crime-fighting,2026-07-07T10:01:34.732Z,2026-07,Baltimore’s incredible crime-fighting success story,true,false,,,248,355,,only_paid,archive_api
substack,substack:slowboring,205579130,https://www.slowboring.com/p/where-key-battleground-races-stand,2026-07-06T22:00:28.188Z,2026-07,Where key battleground races stand four months before the midterm elections,true,false,,,45,490,,only_paid,archive_api
substack,substack:slowboring,202378186,https://www.slowboring.com/p/to-save-capitalism-we-need-radical,2026-07-06T10:02:30.794Z,2026-07,To save capitalism we need radical land-use reform,false,true,2535,,482,471,,everyone,posts_api
substack,substack:slowboring,204782014,https://www.slowboring.com/p/sunday-thread-mailbag-da8,2026-07-05T17:02:32.956Z,2026-07,Sunday Thread + Mailbag,true,false,,,15,443,,only_paid,archive_api
substack,substack:slowboring,204781855,https://www.slowboring.com/p/saturday-discussion-post-967,2026-07-04T17:02:19.455Z,2026-07,Saturday discussion post,true,false,,,6,37,,only_paid,archive_api
substack,substack:slowboring,204772424,https://www.slowboring.com/p/happy-independence-day-weekend,2026-07-03T22:00:53.315Z,2026-07,Happy Independence Day weekend,true,false,,,79,84,,only_paid,archive_api
substack,substack:slowboring,204292393,https://www.slowboring.com/p/reformist-democrats-need-more-team,2026-07-03T10:02:08.377Z,2026-07,Reformist Democrats need more team spirit ,true,false,,,197,506,,only_paid,archive_api
substack,substack:slowboring,204696436,https://www.slowboring.com/p/thursday-discussion-post-2bd,2026-07-02T22:01:37.050Z,2026-07,Thursday discussion post,true,false,,,15,144,,only_paid,archive_api
substack,substack:slowboring,201584332,https://www.slowboring.com/p/they-should-teach-patriotism-in-schools,2026-07-02T10:02:10.008Z,2026-07,They should teach patriotism in schools,true,false,,,372,495,,only_paid,archive_api
substack,substack:slowboring,204324393,https://www.slowboring.com/p/the-case-for-assimilation,2026-07-02T09:00:53.468Z,2026-07,The case for assimilation ,true,false,,,61,32,,only_paid,archive_api
substack,substack:slowboring,204450210,https://www.slowboring.com/p/congress-waits-cities-experiment,2026-07-01T22:00:57.271Z,2026-07,"Congress waits, cities experiment",true,false,,,52,192,,only_paid,archive_api
substack,substack:slowboring,203609198,https://www.slowboring.com/p/nobody-likes-a-party-crasher,2026-07-01T10:00:52.449Z,2026-07,Nobody likes a party crasher,true,false,,,266,245,,only_paid,archive_api
substack,substack:slowboring,204295156,https://www.slowboring.com/p/tuesday-discussion-post-537,2026-06-30T22:01:34.664Z,2026-06,Tuesday discussion post,true,false,,,6,323,,only_paid,archive_api
substack,substack:slowboring,201866866,https://www.slowboring.com/p/trumps-weird-dc-specific-initiatives,2026-06-30T10:02:47.238Z,2026-06,"Trump’s weird D.C.-specific initiatives, ranked",false,false,,,295,363,,everyone,archive_api
substack,substack:slowboring,204066203,https://www.slowboring.com/p/new-yorks-insurgent-left-sent-ripples,2026-06-29T22:02:04.170Z,2026-06,New York’s insurgent left sent ripples across America,true,false,,,50,318,,only_paid,archive_api
substack,substack:slowboring,200994603,https://www.slowboring.com/p/what-new-york-city-taught-me-about,2026-06-29T10:03:10.386Z,2026-06,What New York City taught me about Dutch values,true,false,,,278,308,,only_paid,archive_api
substack,substack:slowboring,203582653,https://www.slowboring.com/p/sunday-thread-mailbag-5f7,2026-06-28T17:01:54.983Z,2026-06,Sunday Thread + Mailbag,true,false,,,2,399,,only_paid,archive_api
substack,substack:slowboring,203582023,https://www.slowboring.com/p/saturday-discussion-post-3c6,2026-06-27T17:01:08.213Z,2026-06,Saturday discussion post,true,false,,,3,187,,only_paid,archive_api
substack,substack:slowboring,203701932,https://www.slowboring.com/p/the-save-america-act-and-related,2026-06-26T22:00:48.516Z,2026-06,"The SAVE America Act (and related orders), explained",true,false,,,49,397,,only_paid,archive_api
substack,substack:slowboring,203223074,https://www.slowboring.com/p/the-paradoxes-of-populism,2026-06-26T10:02:14.489Z,2026-06,The paradoxes of populism,true,false,,,210,821,,only_paid,archive_api
substack,substack:slowboring,203567139,https://www.slowboring.com/p/thursday-discussion-post-6c8,2026-06-25T22:01:51.035Z,2026-06,Thursday discussion post,true,false,,,7,220,,only_paid,archive_api
substack,substack:slowboring,201578658,https://www.slowboring.com/p/the-narrow-path-to-saving-the-republic,2026-06-25T10:02:06.913Z,2026-06,The narrow path to saving the republic,false,true,2482,,448,693,,everyone,posts_api
substack,substack:slowboring,203308408,https://www.slowboring.com/p/ranking-joe-bidens-mistakes,2026-06-25T09:02:12.911Z,2026-06,Ranking Joe Biden’s mistakes ,true,false,,,77,131,,only_paid,archive_api
substack,substack:slowboring,203419324,https://www.slowboring.com/p/congress-passed-the-biggest-housing,2026-06-24T22:01:21.123Z,2026-06,Congress passed the biggest housing bill in a generation. Trump is holding it hostage.,true,false,,,72,326,,only_paid,archive_api
substack,substack:slowboring,201224402,https://www.slowboring.com/p/should-data-centers-pay-a-carbon,2026-06-24T10:00:55.506Z,2026-06,Should data centers pay a carbon tax?,false,true,1772,,278,315,,everyone,posts_api
substack,substack:slowboring,203274041,https://www.slowboring.com/p/tuesday-discussion-post-297,2026-06-23T22:02:19.199Z,2026-06,Tuesday discussion post,true,false,,,6,193,,only_paid,archive_api
substack,substack:slowboring,199855760,https://www.slowboring.com/p/what-i-learned-as-chuck-schumers,2026-06-23T10:02:16.235Z,2026-06,What I learned as Chuck Schumer’s intern ,true,false,,,213,355,,only_paid,archive_api
substack,substack:slowboring,203116449,https://www.slowboring.com/p/when-trumps-influence-is-no-match,2026-06-22T22:01:23.475Z,2026-06,When Trump’s influence is no match for money’s,true,false,,,45,188,,only_paid,archive_api
substack,substack:slowboring,201078110,https://www.slowboring.com/p/against-urban-planning,2026-06-22T10:03:21.757Z,2026-06,Against urban planning ,true,false,,,343,297,,only_paid,archive_api
substack,substack:slowboring,202631139,https://www.slowboring.com/p/sunday-thread-mailbag-a03,2026-06-21T17:02:27.121Z,2026-06,Sunday Thread + Mailbag,true,false,,,7,498,,only_paid,archive_api
substack,substack:slowboring,202630767,https://www.slowboring.com/p/saturday-discussion-post-139,2026-06-20T17:01:39.667Z,2026-06,Saturday discussion post,true,false,,,3,317,,only_paid,archive_api
substack,substack:slowboring,202630564,https://www.slowboring.com/p/friday-discussion-post-f40,2026-06-19T22:01:30.317Z,2026-06,Friday discussion post,true,false,,,2,35,,only_paid,archive_api
substack,substack:slowboring,202452159,https://www.slowboring.com/p/happy-juneteenth,2026-06-19T10:02:44.414Z,2026-06,Happy Juneteenth ,false,false,,,371,176,,everyone,archive_api
substack,substack:slowboring,202601486,https://www.slowboring.com/p/thursday-discussion-post-b62,2026-06-18T22:01:00.874Z,2026-06,Thursday discussion post,true,false,,,12,85,,only_paid,archive_api
substack,substack:slowboring,202192107,https://www.slowboring.com/p/what-new-york-used-to-be,2026-06-18T10:01:22.472Z,2026-06,What New York used to be,false,false,,,196,270,,everyone,archive_api
substack,substack:slowboring,202357035,https://www.slowboring.com/p/grading-the-internets-dating-advice,2026-06-18T09:02:27.976Z,2026-06,Grading the internet’s dating advice,true,false,,,55,46,,only_paid,archive_api
substack,substack:slowboring,202452348,https://www.slowboring.com/p/congress-cuts-a-deal-on-the-21st,2026-06-17T22:01:59.246Z,2026-06,Congress cuts a deal on the 21st Century ROAD to Housing Act,true,false,,,56,162,,only_paid,archive_api
substack,substack:slowboring,202305280,https://www.slowboring.com/p/how-to-fix-transit-construction-in,2026-06-17T13:02:08.708Z,2026-06,How to fix transit construction in America ,false,false,,,319,92,,everyone,archive_api
substack,substack:slowboring,202139743,https://www.slowboring.com/p/the-real-problem-with-gifted-education,2026-06-17T10:03:04.883Z,2026-06,The real problem with “gifted” education,true,false,,,270,402,,only_paid,archive_api
substack,substack:slowboring,202297203,https://www.slowboring.com/p/tuesday-discussion-post-c7f,2026-06-16T22:01:41.769Z,2026-06,Tuesday discussion post,true,false,,,7,206,,only_paid,archive_api
substack,substack:slowboring,201738354,https://www.slowboring.com/p/better-immigration-can-help-fix-the,2026-06-16T10:03:22.055Z,2026-06,Better immigration can help fix the debt ,false,false,,,301,437,,everyone,archive_api
substack,substack:slowboring,202151538,https://www.slowboring.com/p/good-news-and-bad-news-for-democrats,2026-06-15T22:02:05.211Z,2026-06,Good news and bad news for Democrats’ Senate odds,true,false,,,58,151,,only_paid,archive_api
substack,substack:slowboring,201521147,https://www.slowboring.com/p/against-the-positive-good-theory,2026-06-15T10:02:01.176Z,2026-06,Against the “Positive Good” theory of Platner ,true,false,,,252,608,,only_paid,archive_api
substack,substack:slowboring,201599989,https://www.slowboring.com/p/sunday-thread-mailbag-8cb,2026-06-14T17:01:48.450Z,2026-06,Sunday Thread + Mailbag,true,false,,,16,465,,only_paid,archive_api
substack,substack:slowboring,201599610,https://www.slowboring.com/p/saturday-discussion-post-50b,2026-06-13T17:01:12.048Z,2026-06,Saturday discussion post,true,false,,,4,171,,only_paid,archive_api
substack,substack:slowboring,201647182,https://www.slowboring.com/p/a-german-soccer-fan-walks-into-a,2026-06-12T22:00:45.629Z,2026-06,A German soccer fan walks into a Buc-ee’s and discovers abundance,false,false,,,656,363,,everyone,archive_api
substack,substack:slowboring,201073064,https://www.slowboring.com/p/hard-work-is-good,2026-06-12T10:01:58.351Z,2026-06,Hard work is good,false,false,,,235,528,,everyone,archive_api
substack,substack:slowboring,201603982,https://www.slowboring.com/p/thursday-discussion-post-abd,2026-06-11T22:01:09.707Z,2026-06,Thursday discussion post,true,false,,,5,150,,only_paid,archive_api
substack,substack:slowboring,200998432,https://www.slowboring.com/p/can-we-retire-public-safety,2026-06-11T10:03:10.883Z,2026-06,Can we retire “public safety”?,true,false,,,262,574,,only_paid,archive_api
substack,substack:slowboring,201356158,https://www.slowboring.com/p/matt-and-jerusalem-read-silent-spring,2026-06-11T09:01:24.480Z,2026-06,Matt and Jerusalem read “Silent Spring” ,true,false,,,46,17,,only_paid,archive_api
substack,substack:slowboring,201472563,https://www.slowboring.com/p/a-market-moves-with-a-crisis-unresolved,2026-06-10T22:01:03.330Z,2026-06,"A market moves, with a crisis unresolved",true,false,,,44,248,,only_paid,archive_api
substack,substack:slowboring,200876176,https://www.slowboring.com/p/trumps-war-on-state-capacity-is-coming,2026-06-10T10:03:53.113Z,2026-06,Trump’s war on state capacity is coming home to roost ,true,false,,,288,361,,only_paid,archive_api
substack,substack:slowboring,201296638,https://www.slowboring.com/p/tuesday-discussion-post-954,2026-06-09T22:00:51.901Z,2026-06,Tuesday discussion post,true,false,,,8,143,,only_paid,archive_api
substack,substack:slowboring,200759336,https://www.slowboring.com/p/nobody-knows-what-theyre-talking,2026-06-09T10:02:44.250Z,2026-06,Nobody knows what they’re talking about on A.I. consciousness ,false,false,,,418,298,,everyone,archive_api
substack,substack:slowboring,201168254,https://www.slowboring.com/p/trump-and-schumer-test-their-endorsement,2026-06-08T22:02:12.332Z,2026-06,Trump and Schumer test their endorsement power,true,false,,,39,80,,only_paid,archive_api
substack,substack:slowboring,200613155,https://www.slowboring.com/p/the-neglected-importance-of-boring,2026-06-08T10:02:25.484Z,2026-06,The neglected importance of boring methodological disputes ,true,false,,,249,269,,only_paid,archive_api
substack,substack:slowboring,200773802,https://www.slowboring.com/p/sunday-thread-mailbag-66a,2026-06-07T17:02:14.268Z,2026-06,Sunday Thread + Mailbag,true,false,,,7,551,,only_paid,archive_api
substack,substack:slowboring,200773583,https://www.slowboring.com/p/saturday-discussion-post-64b,2026-06-06T17:00:55.782Z,2026-06,Saturday discussion post,true,false,,,4,125,,only_paid,archive_api
substack,substack:slowboring,200770160,https://www.slowboring.com/p/what-colonial-williamsburg-can-teach,2026-06-05T22:01:46.559Z,2026-06,What Colonial Williamsburg can teach us about the trades revival,true,false,,,57,202,,only_paid,archive_api
substack,substack:slowboring,200053791,https://www.slowboring.com/p/the-origins-of-horseshoe-politics,2026-06-05T10:02:11.027Z,2026-06,The origins of horseshoe politics,false,false,,,239,511,,everyone,archive_api
substack,substack:slowboring,200654278,https://www.slowboring.com/p/thursday-discussion-post-67c,2026-06-04T22:01:07.959Z,2026-06,Thursday discussion post,true,false,,,5,278,,only_paid,archive_api
substack,substack:slowboring,200291757,https://www.slowboring.com/p/elizabeth-warrens-new-child-care,2026-06-04T10:01:09.115Z,2026-06,Elizabeth Warren’s “new“ child care push doesn’t make sense,true,false,,,245,383,,only_paid,archive_api
substack,substack:slowboring,200502814,https://www.slowboring.com/p/can-ai-cure-cancer,2026-06-04T09:02:11.495Z,2026-06,Can AI Cure Cancer?,true,false,,,26,4,,only_paid,archive_api
substack,substack:slowboring,200474294,https://www.slowboring.com/p/the-housing-regulator-is-now-also,2026-06-03T22:01:40.064Z,2026-06,The housing regulator is now also the spymaster,true,false,,,48,101,,only_paid,archive_api
substack,substack:slowboring,200453363,https://www.slowboring.com/p/were-hiring-3ab,2026-06-03T15:02:00.872Z,2026-06,We're hiring!,true,false,,,61,40,,only_paid,archive_api
substack,substack:slowboring,199899600,https://www.slowboring.com/p/learning-from-polands-economic-success,2026-06-03T10:01:18.137Z,2026-06,Learning from Poland’s economic success story,true,false,,,210,279,,only_paid,archive_api
substack,substack:slowboring,200302317,https://www.slowboring.com/p/dc-happy-hour-tuesday-discussion,2026-06-02T22:02:19.828Z,2026-06,DC Happy Hour + Tuesday discussion post,true,false,,,37,129,,only_paid,archive_api
substack,substack:slowboring,199813075,https://www.slowboring.com/p/the-triumph-of-capital,2026-06-02T10:02:23.844Z,2026-06,The triumph of capital,false,false,,,412,520,,everyone,archive_api
substack,substack:slowboring,200141084,https://www.slowboring.com/p/the-primaries-are-heating-up,2026-06-01T22:01:22.498Z,2026-06,The primaries are heating up,true,false,,,50,200,,only_paid,archive_api
substack,substack:slowboring,199508055,https://www.slowboring.com/p/james-talarico-has-an-obligation,2026-06-01T10:02:34.634Z,2026-06,James Talarico has an obligation to win,true,false,,,327,429,,only_paid,archive_api
substack,substack:slowboring,200032307,https://www.slowboring.com/p/seventeen-thoughts-on-graham-platner,2026-05-31T22:55:21.509Z,2026-05,Seventeen thoughts on Graham Platner ,false,true,1219,,404,664,,everyone,posts_api
substack,substack:heathercoxrichardson,217293228,https://heathercoxrichardson.substack.com/p/pay-to-play,2026-09-24T20:20:42.529Z,2026-09,Pay-To-Play,false,false,,,1408,45,,everyone,archive_api
substack,substack:heathercoxrichardson,217183207,https://heathercoxrichardson.substack.com/p/september-23-2026,2026-09-24T05:22:32.111Z,2026-09,"September 23, 2026",false,false,,,7650,628,,everyone,archive_api
substack,substack:heathercoxrichardson,217163796,https://heathercoxrichardson.substack.com/p/defiance,2026-09-24T01:02:24.218Z,2026-09,Defiance,false,false,,,2078,53,,everyone,archive_api
substack,substack:heathercoxrichardson,217014816,https://heathercoxrichardson.substack.com/p/september-22-2026,2026-09-23T04:05:51.973Z,2026-09,"September 22, 2026",false,false,,,8666,764,,everyone,archive_api
substack,substack:heathercoxrichardson,216995600,https://heathercoxrichardson.substack.com/p/politics-chat-september-22-2026,2026-09-23T00:09:16.856Z,2026-09,"Politics Chat, September 22, 2026",false,false,,,414,5,,everyone,archive_api
substack,substack:heathercoxrichardson,216990478,https://heathercoxrichardson.substack.com/p/a-direct-assault,2026-09-22T23:56:28.662Z,2026-09,A Direct Assault,false,false,,,2173,86,,everyone,archive_api
substack,substack:heathercoxrichardson,216954980,https://heathercoxrichardson.substack.com/p/david-corn-of-mother-jones-american,2026-09-22T18:56:47.622Z,2026-09, David Corn of Mother Jones | American Conversations,false,false,,,243,5,,everyone,archive_api
substack,substack:heathercoxrichardson,216843970,https://heathercoxrichardson.substack.com/p/september-21-2026,2026-09-22T04:02:40.364Z,2026-09,"September 21, 2026",false,false,,,8899,693,,everyone,archive_api
substack,substack:heathercoxrichardson,216805421,https://heathercoxrichardson.substack.com/p/nato-30,2026-09-21T21:21:38.204Z,2026-09,NATO 3.0,false,false,,,1903,56,,everyone,archive_api
substack,substack:heathercoxrichardson,216686640,https://heathercoxrichardson.substack.com/p/september-20-2026,2026-09-21T06:02:02.011Z,2026-09,"September 20, 2026",false,false,,,7764,715,,everyone,archive_api
substack,substack:heathercoxrichardson,216642586,https://heathercoxrichardson.substack.com/p/bacons-rebellion,2026-09-20T21:58:37.129Z,2026-09,Bacon’s Rebellion,false,false,,,1741,23,,everyone,archive_api
substack,substack:heathercoxrichardson,216536178,https://heathercoxrichardson.substack.com/p/september-19-2026,2026-09-20T05:26:46.702Z,2026-09,"September 19, 2026",false,false,,,6764,487,,everyone,archive_api
substack,substack:heathercoxrichardson,216505176,https://heathercoxrichardson.substack.com/p/the-media-begins-to-turn-against,2026-09-19T22:35:21.412Z,2026-09,The Media Begins to Turn Against Trump,false,false,,,3439,109,,everyone,archive_api
substack,substack:heathercoxrichardson,216395185,https://heathercoxrichardson.substack.com/p/september-18-2026,2026-09-19T03:25:16.914Z,2026-09,"September 18, 2026",false,false,,,8591,688,,everyone,archive_api
substack,substack:heathercoxrichardson,216352448,https://heathercoxrichardson.substack.com/p/the-supreme-law-of-the-land,2026-09-18T20:06:01.788Z,2026-09,The Supreme Law of the Land,false,false,,,2052,32,,everyone,archive_api
substack,substack:heathercoxrichardson,216260016,https://heathercoxrichardson.substack.com/p/september-17-2026,2026-09-18T06:15:25.403Z,2026-09,"September 17, 2026 ",false,false,,,7715,567,,everyone,archive_api
substack,substack:heathercoxrichardson,216207805,https://heathercoxrichardson.substack.com/p/trump-isnt-taking-the-news-well,2026-09-17T19:58:25.596Z,2026-09,Trump Isn’t Taking the News Well,false,false,,,2961,71,,everyone,archive_api
substack,substack:heathercoxrichardson,216098563,https://heathercoxrichardson.substack.com/p/september-16-2026,2026-09-17T05:12:44.623Z,2026-09,"September 16, 2026 ",false,false,,,8293,771,,everyone,archive_api
substack,substack:heathercoxrichardson,216065830,https://heathercoxrichardson.substack.com/p/letters-from-an-american,2026-09-16T22:24:47.525Z,2026-09,Letters from an American,false,false,,,2760,102,,everyone,archive_api
substack,substack:heathercoxrichardson,215510567,https://heathercoxrichardson.substack.com/p/250-to-250-f3e,2026-09-16T20:56:38.131Z,2026-09,250 to 250,false,false,,,1863,135,,everyone,archive_api
substack,substack:heathercoxrichardson,215935251,https://heathercoxrichardson.substack.com/p/september-15-2026,2026-09-16T04:18:59.223Z,2026-09,"September 15, 2026",false,false,,,17083,1924,,everyone,archive_api
substack,substack:heathercoxrichardson,215894383,https://heathercoxrichardson.substack.com/p/attempting-to-establish-an-authoritarian,2026-09-15T21:25:56.248Z,2026-09,Attempting to Establish an Authoritarian Government,false,false,,,1999,42,,everyone,archive_api
substack,substack:heathercoxrichardson,215769760,https://heathercoxrichardson.substack.com/p/september-14-2026,2026-09-15T04:51:10.139Z,2026-09,"September 14, 2026",false,false,,,8154,865,,everyone,archive_api
substack,substack:heathercoxrichardson,215720417,https://heathercoxrichardson.substack.com/p/asking-the-us-government-to-regulate,2026-09-14T20:17:52.866Z,2026-09,Asking the U.S. Government to Regulate AI,false,false,,,1736,42,,everyone,archive_api
substack,substack:heathercoxrichardson,215604786,https://heathercoxrichardson.substack.com/p/september-13-2026,2026-09-14T05:25:07.182Z,2026-09,"September 13, 2026",false,false,,,7578,718,,everyone,archive_api
substack,substack:heathercoxrichardson,215553153,https://heathercoxrichardson.substack.com/p/the-writing-is-already-on-the-wall,2026-09-13T20:22:42.077Z,2026-09,The Writing is Already on the Wall,false,false,,,3461,204,,everyone,archive_api
substack,substack:heathercoxrichardson,215452938,https://heathercoxrichardson.substack.com/p/september-12-2026,2026-09-13T03:52:43.431Z,2026-09,"September 12, 2026",false,false,,,9378,785,,everyone,archive_api
substack,substack:heathercoxrichardson,215406141,https://heathercoxrichardson.substack.com/p/the-twenty-fifth-anniversary-of-911,2026-09-12T19:14:35.622Z,2026-09,"The Twenty-fifth Anniversary of 9/11
",false,false,,,1857,58,,everyone,archive_api
substack,substack:heathercoxrichardson,215316749,https://heathercoxrichardson.substack.com/p/september-11-2026,2026-09-12T04:41:41.344Z,2026-09,"September 11, 2026",false,false,,,9125,569,,everyone,archive_api
substack,substack:heathercoxrichardson,215284895,https://heathercoxrichardson.substack.com/p/a-chokepoint-for-world-trade,2026-09-11T21:28:24.624Z,2026-09,A Chokepoint for World Trade,false,false,,,1867,73,,everyone,archive_api
substack,substack:heathercoxrichardson,215150687,https://heathercoxrichardson.substack.com/p/september-10-2026,2026-09-11T02:30:57.578Z,2026-09,"September 10, 2026 ",false,false,,,7549,811,,everyone,archive_api
substack,substack:heathercoxrichardson,215110727,https://heathercoxrichardson.substack.com/p/self-inflicted-problems,2026-09-10T20:48:32.019Z,2026-09,Self-inflicted Problems,false,false,,,1842,43,,everyone,archive_api
substack,substack:heathercoxrichardson,214993145,https://heathercoxrichardson.substack.com/p/september-9-2026,2026-09-10T05:38:44.691Z,2026-09,"September 9, 2026",false,false,,,8031,825,,everyone,archive_api
substack,substack:heathercoxrichardson,214960964,https://heathercoxrichardson.substack.com/p/hell-bent,2026-09-09T22:53:17.107Z,2026-09,Hell-bent,false,false,,,2217,52,,everyone,archive_api
substack,substack:heathercoxrichardson,214834982,https://heathercoxrichardson.substack.com/p/september-8-2026,2026-09-09T04:50:53.070Z,2026-09,"September 8, 2026",false,false,,,7486,610,,everyone,archive_api
substack,substack:heathercoxrichardson,214765428,https://heathercoxrichardson.substack.com/p/trumps-frantic-pace,2026-09-08T18:14:21.323Z,2026-09,Trump’s Frantic Pace,false,false,,,2264,94,,everyone,archive_api
substack,substack:heathercoxrichardson,214678821,https://heathercoxrichardson.substack.com/p/september-7-2026,2026-09-08T04:52:46.278Z,2026-09,"September 7, 2026",false,false,,,9076,942,,everyone,archive_api
substack,substack:heathercoxrichardson,214511613,https://heathercoxrichardson.substack.com/p/september-6-2026,2026-09-07T02:47:29.682Z,2026-09,"September 6, 2026",false,false,,,8750,404,,everyone,archive_api
substack,substack:heathercoxrichardson,214465584,https://heathercoxrichardson.substack.com/p/in-a-nutshell,2026-09-06T19:15:33.830Z,2026-09,In a Nutshell,false,false,,,2433,90,,everyone,archive_api
substack,substack:heathercoxrichardson,214443395,https://heathercoxrichardson.substack.com/p/week-fifteen-in-250-to-250,2026-09-06T19:10:46.729Z,2026-09,Week Fifteen in 250 to 250,false,false,,,1707,25,,everyone,archive_api
substack,substack:heathercoxrichardson,214385193,https://heathercoxrichardson.substack.com/p/september-5-2026,2026-09-06T06:00:53.255Z,2026-09,"September 5, 2026",false,false,,,7850,910,,everyone,archive_api
substack,substack:heathercoxrichardson,214343565,https://heathercoxrichardson.substack.com/p/labor-day,2026-09-05T21:44:51.336Z,2026-09,Labor Day,false,false,,,1851,22,,everyone,archive_api
substack,substack:heathercoxrichardson,214256208,https://heathercoxrichardson.substack.com/p/september-4-2026,2026-09-05T04:47:14.102Z,2026-09,"September 4, 2026",false,false,,,6484,544,,everyone,archive_api
substack,substack:heathercoxrichardson,214210108,https://heathercoxrichardson.substack.com/p/what-will-the-midterms-bring,2026-09-04T19:34:46.691Z,2026-09,What Will the Midterms Bring?,false,false,,,2014,50,,everyone,archive_api
substack,substack:heathercoxrichardson,214106024,https://heathercoxrichardson.substack.com/p/september-3-2026,2026-09-04T04:08:31.741Z,2026-09,"September 3, 2026",false,false,,,7785,622,,everyone,archive_api
substack,substack:heathercoxrichardson,214086248,https://heathercoxrichardson.substack.com/p/politics-chat-september-3-2026,2026-09-03T23:44:55.740Z,2026-09,"Politics Chat, September 3, 2026",false,false,,,344,12,,everyone,archive_api
substack,substack:heathercoxrichardson,214065415,https://heathercoxrichardson.substack.com/p/nothing-you-can-do-can-stop-us,2026-09-03T20:30:53.420Z,2026-09,Nothing You Can Do Can Stop Us,false,false,,,2146,44,,everyone,archive_api
substack,substack:heathercoxrichardson,213960738,https://heathercoxrichardson.substack.com/p/september-2-2026,2026-09-03T04:37:09.005Z,2026-09,"September 2, 2026",false,true,1599,,8345,660,,everyone,posts_api
substack,substack:heathercoxrichardson,213958021,https://heathercoxrichardson.substack.com/p/kim-rogers-founder-of-state-local,2026-09-03T03:33:36.529Z,2026-09," Kim Rogers, Founder of State + Local Election Alliance (SLEA) | American Conversations",false,false,,,313,4,,everyone,archive_api
substack,substack:heathercoxrichardson,213925188,https://heathercoxrichardson.substack.com/p/a-betrayal-of-our-constitution,2026-09-02T21:39:36.158Z,2026-09,A Betrayal of Our Constitution,false,false,,,2198,95,,everyone,archive_api
substack,substack:heathercoxrichardson,213803258,https://heathercoxrichardson.substack.com/p/september-1-2026,2026-09-02T03:22:59.100Z,2026-09,"September 1, 2026",false,false,,,8062,850,,everyone,archive_api
substack,substack:heathercoxrichardson,213790690,https://heathercoxrichardson.substack.com/p/politics-chat-september-1-2026,2026-09-02T00:34:52.937Z,2026-09,"Politics Chat, September 1, 2026",false,false,,,323,5,,everyone,archive_api
substack,substack:heathercoxrichardson,213772002,https://heathercoxrichardson.substack.com/p/military-leadership-is-concerned,2026-09-01T21:43:46.396Z,2026-09,Military Leadership is Concerned,false,false,,,2000,45,,everyone,archive_api
substack,substack:heathercoxrichardson,213660248,https://heathercoxrichardson.substack.com/p/august-31-2026,2026-09-01T05:55:32.728Z,2026-09,"August 31, 2026 ",false,false,,,8572,722,,everyone,archive_api
substack,substack:heathercoxrichardson,213611956,https://heathercoxrichardson.substack.com/p/truth-telling,2026-08-31T21:09:54.690Z,2026-08,Truth Telling,false,false,,,1885,70,,everyone,archive_api
substack,substack:heathercoxrichardson,213491737,https://heathercoxrichardson.substack.com/p/august-30-2026,2026-08-31T03:27:45.642Z,2026-08,"August 30, 2026",false,false,,,8039,655,,everyone,archive_api
substack,substack:heathercoxrichardson,213326134,https://heathercoxrichardson.substack.com/p/week-fourteen-in-250-to-250,2026-08-31T00:46:05.815Z,2026-08,Week Fourteen in 250 to 250,false,false,,,1624,23,,everyone,archive_api
substack,substack:heathercoxrichardson,213448237,https://heathercoxrichardson.substack.com/p/the-right-to-run-for-office,2026-08-30T20:09:52.997Z,2026-08,The Right to Run for Office,false,false,,,1854,50,,everyone,archive_api
substack,substack:heathercoxrichardson,213358656,https://heathercoxrichardson.substack.com/p/august-29-2026,2026-08-30T04:06:59.948Z,2026-08,"August 29, 2026",false,false,,,8273,753,,everyone,archive_api
substack,substack:heathercoxrichardson,213315031,https://heathercoxrichardson.substack.com/p/the-need-to-defend-the-vote,2026-08-29T18:58:49.269Z,2026-08,The Need to Defend the Vote,false,false,,,2034,42,,everyone,archive_api
substack,substack:heathercoxrichardson,213237707,https://heathercoxrichardson.substack.com/p/august-28-2026,2026-08-29T05:08:56.195Z,2026-08,"August 28, 2026 ",false,false,,,7589,655,,everyone,archive_api
substack,substack:heathercoxrichardson,213208153,https://heathercoxrichardson.substack.com/p/the-stench-of-corruption,2026-08-28T21:39:39.970Z,2026-08,The Stench of Corruption,false,false,,,2326,104,,everyone,archive_api
substack,substack:heathercoxrichardson,213102651,https://heathercoxrichardson.substack.com/p/august-27-2026,2026-08-28T06:33:25.468Z,2026-08,"August 27, 2026 ",false,false,,,8426,640,,everyone,archive_api
substack,substack:heathercoxrichardson,213073521,https://heathercoxrichardson.substack.com/p/politics-chat-august-27-2026,2026-08-27T23:28:48.765Z,2026-08,"Politics Chat, August 27, 2026",false,false,,,407,21,,everyone,archive_api
substack,substack:heathercoxrichardson,213070528,https://heathercoxrichardson.substack.com/p/dolly,2026-08-27T23:01:03.104Z,2026-08,Dolly,false,false,,,3114,85,,everyone,archive_api
substack,substack:heathercoxrichardson,213070610,https://heathercoxrichardson.substack.com/p/rob-sand-american-conversations,2026-08-27T22:58:58.332Z,2026-08,Rob Sand | American Conversations,false,false,,,199,2,,everyone,archive_api
substack,substack:heathercoxrichardson,212957469,https://heathercoxrichardson.substack.com/p/august-26-2026,2026-08-27T06:23:59.152Z,2026-08,"August 26, 2026",false,false,,,13414,877,,everyone,archive_api
substack,substack:heathercoxrichardson,212935896,https://heathercoxrichardson.substack.com/p/performative-nonsense,2026-08-27T01:52:45.333Z,2026-08,Performative Nonsense,false,false,,,2291,86,,everyone,archive_api
substack,substack:heathercoxrichardson,212801084,https://heathercoxrichardson.substack.com/p/august-25-2026,2026-08-26T05:02:11.960Z,2026-08,"August 25, 2026",false,false,,,9379,800,,everyone,archive_api
substack,substack:heathercoxrichardson,212779283,https://heathercoxrichardson.substack.com/p/politics-chat-august-25-2026,2026-08-26T00:06:48.499Z,2026-08,"Politics Chat, August 25, 2026",false,false,,,344,3,,everyone,archive_api
substack,substack:heathercoxrichardson,212774306,https://heathercoxrichardson.substack.com/p/untrustworthy,2026-08-25T23:12:07.174Z,2026-08,Untrustworthy,false,false,,,2165,109,,everyone,archive_api
substack,substack:heathercoxrichardson,212650935,https://heathercoxrichardson.substack.com/p/august-24-2026,2026-08-25T05:20:39.054Z,2026-08,"August 24, 2026 ",false,false,,,8995,962,,everyone,archive_api
substack,substack:heathercoxrichardson,212488518,https://heathercoxrichardson.substack.com/p/august-23-2026,2026-08-24T02:06:08.470Z,2026-08,"August 23, 2026",false,false,,,11250,409,,everyone,archive_api
substack,substack:heathercoxrichardson,212324522,https://heathercoxrichardson.substack.com/p/week-thirteen-in-250-to-250,2026-08-23T17:29:12.191Z,2026-08,Week Thirteen in 250 to 250,false,false,,,1727,37,,everyone,archive_api
substack,substack:heathercoxrichardson,212429297,https://heathercoxrichardson.substack.com/p/you-are-not-alone,2026-08-23T16:56:30.697Z,2026-08,You Are Not Alone,false,false,,,2763,84,,everyone,archive_api
substack,substack:heathercoxrichardson,212366408,https://heathercoxrichardson.substack.com/p/august-22-2026,2026-08-23T05:28:04.940Z,2026-08,"August 22, 2026",false,false,,,9474,707,,everyone,archive_api
substack,substack:heathercoxrichardson,212333347,https://heathercoxrichardson.substack.com/p/do-we-value-an-educated-community,2026-08-22T21:02:43.176Z,2026-08,Do We Value an Educated Community?,false,false,,,1983,59,,everyone,archive_api
substack,substack:heathercoxrichardson,212248044,https://heathercoxrichardson.substack.com/p/august-21-2026,2026-08-22T06:31:23.227Z,2026-08,"August 21, 2026 ",false,false,,,6984,643,,everyone,archive_api
substack,substack:heathercoxrichardson,212191378,https://heathercoxrichardson.substack.com/p/hidden-cuts-to-health-care,2026-08-21T18:53:53.915Z,2026-08,Hidden Cuts to Health Care,false,false,,,1992,51,,everyone,archive_api
substack,substack:heathercoxrichardson,212104450,https://heathercoxrichardson.substack.com/p/august-20-2026,2026-08-21T05:33:38.485Z,2026-08,"August 20, 2026",false,false,,,9021,640,,everyone,archive_api
substack,substack:heathercoxrichardson,212083961,https://heathercoxrichardson.substack.com/p/politics-chat-august-20-2026,2026-08-21T00:21:10.011Z,2026-08,"
Politics Chat, August 20, 2026",false,false,,,355,4,,everyone,archive_api
substack,substack:heathercoxrichardson,212078538,https://heathercoxrichardson.substack.com/p/trying-to-change-the-narrative,2026-08-20T23:25:20.159Z,2026-08,Trying to Change the Narrative,false,false,,,1732,107,,everyone,archive_api
substack,substack:heathercoxrichardson,211957941,https://heathercoxrichardson.substack.com/p/august-19-2026,2026-08-20T05:49:10.043Z,2026-08,"August 19, 2026",false,false,,,8758,644,,everyone,archive_api
substack,substack:heathercoxrichardson,211913413,https://heathercoxrichardson.substack.com/p/fighting-for-the-right-to-vote,2026-08-19T20:42:08.807Z,2026-08,Fighting for the Right to Vote,false,false,,,1554,41,,everyone,archive_api
substack,substack:heathercoxrichardson,211803943,https://heathercoxrichardson.substack.com/p/august-18-2026,2026-08-19T03:28:19.592Z,2026-08,"August 18, 2026",false,false,,,7215,693,,everyone,archive_api
substack,substack:heathercoxrichardson,211788039,https://heathercoxrichardson.substack.com/p/politics-chat-august-18-2026,2026-08-18T23:57:00.203Z,2026-08,"Politics Chat, August 18, 2026",false,false,,,324,13,,everyone,archive_api
substack,substack:heathercoxrichardson,211782224,https://heathercoxrichardson.substack.com/p/this-is-what-the-commander-in-chief,2026-08-18T23:17:11.404Z,2026-08,This is What the Commander in Chief is Doing,false,false,,,2114,75,,everyone,archive_api
substack,substack:heathercoxrichardson,211664275,https://heathercoxrichardson.substack.com/p/august-17-2026,2026-08-18T05:38:41.202Z,2026-08,"August 17, 2026",false,false,,,7979,782,,everyone,archive_api
substack,substack:heathercoxrichardson,211631260,https://heathercoxrichardson.substack.com/p/the-yukon-gold-rush,2026-08-17T22:28:26.253Z,2026-08,The Yukon Gold Rush,false,false,,,1318,42,,everyone,archive_api
substack,substack:heathercoxrichardson,211351960,https://heathercoxrichardson.substack.com/p/week-twelve-in-250-to-250,2026-08-17T21:37:16.995Z,2026-08,Week Twelve in 250 to 250,false,false,,,1507,35,,everyone,archive_api
substack,substack:heathercoxrichardson,211514659,https://heathercoxrichardson.substack.com/p/august-16-2026,2026-08-17T06:12:02.357Z,2026-08,"August 16, 2026",false,false,,,7697,536,,everyone,archive_api
substack,substack:heathercoxrichardson,211479243,https://heathercoxrichardson.substack.com/p/in-shambles,2026-08-16T22:23:57.857Z,2026-08,In Shambles,false,false,,,2618,78,,everyone,archive_api
substack,substack:heathercoxrichardson,211378008,https://heathercoxrichardson.substack.com/p/august-15-2026,2026-08-16T04:17:37.055Z,2026-08,"August 15, 2026 ",false,false,,,7528,661,,everyone,archive_api
substack,substack:heathercoxrichardson,211351747,https://heathercoxrichardson.substack.com/p/the-social-security-act,2026-08-15T21:24:44.872Z,2026-08,The Social Security Act,false,false,,,2069,42,,everyone,archive_api
substack,substack:heathercoxrichardson,211263934,https://heathercoxrichardson.substack.com/p/august-14-2026,2026-08-15T03:34:46.762Z,2026-08,"August 14, 2026",false,false,,,8073,706,,everyone,archive_api
substack,substack:heathercoxrichardson,211255479,https://heathercoxrichardson.substack.com/p/moving-as-quickly-as-possible,2026-08-15T01:28:13.794Z,2026-08,Moving as Quickly as Possible,false,false,,,2035,58,,everyone,archive_api
substack,substack:heathercoxrichardson,211140642,https://heathercoxrichardson.substack.com/p/august-13-2026,2026-08-14T06:03:19.758Z,2026-08,"August 13, 2026",false,false,,,7668,669,,everyone,archive_api
substack,substack:heathercoxrichardson,211124396,https://heathercoxrichardson.substack.com/p/out-of-control,2026-08-14T01:40:41.135Z,2026-08,Out of Control,false,false,,,2277,46,,everyone,archive_api
substack,substack:heathercoxrichardson,211111908,https://heathercoxrichardson.substack.com/p/politics-chat-august-13-2026,2026-08-13T23:54:01.950Z,2026-08,"Politics Chat, August 13, 2026",false,false,,,284,7,,everyone,archive_api
substack,substack:heathercoxrichardson,211081343,https://heathercoxrichardson.substack.com/p/politics-chat-august-12-2026-45d,2026-08-13T19:02:22.308Z,2026-08,"Politics Chat, August 12, 2026",false,false,,,273,6,,everyone,archive_api
substack,substack:heathercoxrichardson,210999469,https://heathercoxrichardson.substack.com/p/august-12-2026,2026-08-13T06:09:10.892Z,2026-08,"August 12, 2026",false,false,,,8123,634,,everyone,archive_api
substack,substack:heathercoxrichardson,210851139,https://heathercoxrichardson.substack.com/p/august-11-2026,2026-08-12T03:56:41.084Z,2026-08,"August 11, 2026",false,false,,,11490,601,,everyone,archive_api
substack,substack:heathercoxrichardson,210834309,https://heathercoxrichardson.substack.com/p/trumps-tough-guy-aspirations,2026-08-12T00:44:11.644Z,2026-08,Trump's Tough Guy Aspirations,false,false,,,2221,136,,everyone,archive_api
substack,substack:heathercoxrichardson,210708905,https://heathercoxrichardson.substack.com/p/august-10-2026,2026-08-11T05:58:44.035Z,2026-08,"August 10, 2026 ",false,false,,,7890,617,,everyone,archive_api
substack,substack:heathercoxrichardson,210656276,https://heathercoxrichardson.substack.com/p/the-road-to-resignation,2026-08-10T20:00:48.220Z,2026-08,The Road to Resignation,false,false,,,2383,69,,everyone,archive_api
substack,substack:heathercoxrichardson,210556983,https://heathercoxrichardson.substack.com/p/august-9-2026,2026-08-10T05:05:48.822Z,2026-08,"August 9, 2026",false,false,,,8285,695,,everyone,archive_api
substack,substack:heathercoxrichardson,210480584,https://heathercoxrichardson.substack.com/p/week-eleven-in-250-to-250,2026-08-09T21:40:05.487Z,2026-08,Week Eleven in 250 to 250,false,false,,,1883,32,,everyone,archive_api
substack,substack:heathercoxrichardson,210502646,https://heathercoxrichardson.substack.com/p/resigning-the-presidency,2026-08-09T18:48:36.858Z,2026-08,Resigning the Presidency,false,false,,,3184,220,,everyone,archive_api
substack,substack:heathercoxrichardson,210431922,https://heathercoxrichardson.substack.com/p/august-8-2026,2026-08-09T05:55:40.302Z,2026-08,"August 8, 2026 ",false,false,,,7947,890,,everyone,archive_api
substack,substack:heathercoxrichardson,210412822,https://heathercoxrichardson.substack.com/p/trumps-protestations,2026-08-09T00:56:34.784Z,2026-08,Trump’s Protestations ,false,false,,,2390,86,,everyone,archive_api
substack,substack:heathercoxrichardson,210316645,https://heathercoxrichardson.substack.com/p/august-7-2026,2026-08-08T06:29:19.051Z,2026-08,"August 7, 2026 ",false,false,,,7557,568,,everyone,archive_api
substack,substack:heathercoxrichardson,210267607,https://heathercoxrichardson.substack.com/p/the-voting-rights-act,2026-08-07T20:18:24.964Z,2026-08,The Voting Rights Act,false,false,,,1712,22,,everyone,archive_api
substack,substack:heathercoxrichardson,210168761,https://heathercoxrichardson.substack.com/p/august-6-2026,2026-08-07T04:45:46.208Z,2026-08,"August 6, 2026",false,false,,,7106,535,,everyone,archive_api
substack,substack:heathercoxrichardson,210149117,https://heathercoxrichardson.substack.com/p/politics-chat-august-6-2026,2026-08-06T23:59:22.311Z,2026-08,"Politics Chat, August 6, 2026",false,false,,,344,14,,everyone,archive_api
substack,substack:heathercoxrichardson,210130276,https://heathercoxrichardson.substack.com/p/in-favor-of-the-income-tax,2026-08-06T21:00:14.806Z,2026-08,In Favor of the Income Tax,false,false,,,1642,39,,everyone,archive_api
substack,substack:heathercoxrichardson,210030543,https://heathercoxrichardson.substack.com/p/august-5-2026,2026-08-06T05:44:00.515Z,2026-08,"August 5, 2026",false,false,,,6880,472,,everyone,archive_api
substack,substack:heathercoxrichardson,210028181,https://heathercoxrichardson.substack.com/p/representative-jim-mcgovern-american,2026-08-06T04:43:02.605Z,2026-08,Representative Jim McGovern | American Conversations,false,false,,,321,2,,everyone,archive_api
substack,substack:heathercoxrichardson,210027658,https://heathercoxrichardson.substack.com/p/scott-macfarlane-american-conversations-ee7,2026-08-06T04:34:03.386Z,2026-08, Scott MacFarlane | American Conversations,false,false,,,283,3,,everyone,archive_api
substack,substack:heathercoxrichardson,209980824,https://heathercoxrichardson.substack.com/p/skewing-the-system,2026-08-05T20:37:25.363Z,2026-08,Skewing the System,false,false,,,2006,73,,everyone,archive_api
substack,substack:heathercoxrichardson,209882072,https://heathercoxrichardson.substack.com/p/august-4-2026,2026-08-05T05:28:42.814Z,2026-08,"August 4, 2026",false,false,,,8809,745,,everyone,archive_api
substack,substack:heathercoxrichardson,209858359,https://heathercoxrichardson.substack.com/p/an-unconscionable-deal,2026-08-04T23:54:34.878Z,2026-08,An Unconscionable Deal,false,false,,,2032,57,,everyone,archive_api
substack,substack:heathercoxrichardson,209858897,https://heathercoxrichardson.substack.com/p/politics-chat-august-4-2026,2026-08-04T23:42:33.108Z,2026-08,"Politics Chat, August 4, 2026",false,false,,,272,12,,everyone,archive_api
substack,substack:heathercoxrichardson,209856182,https://heathercoxrichardson.substack.com/p/representative-chellie-pingree-american,2026-08-04T23:09:24.933Z,2026-08,Representative Chellie Pingree | American Conversations,false,false,,,167,4,,everyone,archive_api
substack,substack:heathercoxrichardson,209734611,https://heathercoxrichardson.substack.com/p/august-3-2026,2026-08-04T04:16:20.689Z,2026-08,"August 3, 2026",false,true,2101,,7377,606,,everyone,posts_api
substack,substack:heathercoxrichardson,209711575,https://heathercoxrichardson.substack.com/p/manipulating-the-judicial-process,2026-08-03T23:46:16.076Z,2026-08,Manipulating the Judicial Process,false,false,,,1845,44,,everyone,archive_api
substack,substack:heathercoxrichardson,209577196,https://heathercoxrichardson.substack.com/p/august-2-2026,2026-08-03T03:38:12.654Z,2026-08,"August 2, 2026",false,false,,,7937,767,,everyone,archive_api
substack,substack:heathercoxrichardson,209517378,https://heathercoxrichardson.substack.com/p/week-ten-in-250-to-250,2026-08-03T01:45:20.679Z,2026-08,Week Ten in 250 to 250,false,false,,,1981,35,,everyone,archive_api
substack,substack:heathercoxrichardson,209537262,https://heathercoxrichardson.substack.com/p/always-a-lie,2026-08-02T20:07:52.685Z,2026-08,Always a Lie,false,false,,,2608,168,,everyone,archive_api
substack,substack:heathercoxrichardson,209458837,https://heathercoxrichardson.substack.com/p/august-1-2026,2026-08-02T05:11:36.296Z,2026-08,"August 1, 2026 ",false,false,,,8413,865,,everyone,archive_api
substack,substack:heathercoxrichardson,209437484,https://heathercoxrichardson.substack.com/p/trading-strategy-for-ideology,2026-08-02T00:48:08.095Z,2026-08,Trading Strategy for Ideology,false,false,,,1980,120,,everyone,archive_api
substack,substack:heathercoxrichardson,209342017,https://heathercoxrichardson.substack.com/p/july-31-2026,2026-08-01T04:59:26.313Z,2026-08,"July 31, 2026",false,false,,,8563,792,,everyone,archive_api
substack,substack:heathercoxrichardson,209325481,https://heathercoxrichardson.substack.com/p/maya-wiley-american-conversations,2026-08-01T00:17:56.404Z,2026-08,Maya Wiley | American Conversations,false,false,,,361,8,,everyone,archive_api
substack,substack:heathercoxrichardson,209301785,https://heathercoxrichardson.substack.com/p/60-years-of-medicare-and-medicaid,2026-07-31T20:06:17.537Z,2026-07,60 Years of Medicare and Medicaid,false,false,,,1918,33,,everyone,archive_api
substack,substack:heathercoxrichardson,209209841,https://heathercoxrichardson.substack.com/p/july-30-2026,2026-07-31T05:42:14.131Z,2026-07,"July 30, 2026",false,false,,,7579,611,,everyone,archive_api
substack,substack:heathercoxrichardson,209199267,https://heathercoxrichardson.substack.com/p/senator-andy-kim-american-conversations,2026-07-31T01:51:37.616Z,2026-07,Senator Andy Kim | American Conversations,false,false,,,340,13,,everyone,archive_api
substack,substack:heathercoxrichardson,209199210,https://heathercoxrichardson.substack.com/p/politics-chat-july-30-2026,2026-07-31T01:51:03.507Z,2026-07,"Politics Chat, July 30, 2026",false,false,,,260,5,,everyone,archive_api
substack,substack:heathercoxrichardson,209185509,https://heathercoxrichardson.substack.com/p/nothing-to-stand-on,2026-07-30T23:24:24.270Z,2026-07,Nothing to Stand On,false,false,,,2020,58,,everyone,archive_api
substack,substack:heathercoxrichardson,209075942,https://heathercoxrichardson.substack.com/p/july-29-2026,2026-07-30T06:23:24.910Z,2026-07,"July 29, 2026",false,false,,,8059,813,,everyone,archive_api
substack,substack:heathercoxrichardson,208930844,https://heathercoxrichardson.substack.com/p/july-28-2026,2026-07-29T04:49:11.776Z,2026-07,"July 28, 2026 ",false,false,,,8930,360,,everyone,archive_api
substack,substack:heathercoxrichardson,208908508,https://heathercoxrichardson.substack.com/p/politics-chat-july-28-2026,2026-07-29T00:14:28.797Z,2026-07,"Politics Chat, July 28, 2026",false,false,,,448,9,,everyone,archive_api
substack,substack:heathercoxrichardson,208873238,https://heathercoxrichardson.substack.com/p/trying-to-rewrite-history,2026-07-28T19:11:52.138Z,2026-07,Trying to Rewrite History,false,false,,,2006,99,,everyone,archive_api
substack,substack:heathercoxrichardson,208786516,https://heathercoxrichardson.substack.com/p/july-27-2026,2026-07-28T05:22:41.975Z,2026-07,"July 27, 2026*",false,false,,,8572,704,,everyone,archive_api
substack,substack:heathercoxrichardson,208759191,https://heathercoxrichardson.substack.com/p/rejecting-the-constitutional-order,2026-07-27T23:30:14.499Z,2026-07,Rejecting the Constitutional Order,false,false,,,2005,67,,everyone,archive_api
substack,substack:heathercoxrichardson,208757564,https://heathercoxrichardson.substack.com/p/ben-wikler-american-conversations,2026-07-27T22:55:42.597Z,2026-07,Ben Wikler | American Conversations,false,false,,,307,6,,everyone,archive_api
substack,substack:heathercoxrichardson,208636336,https://heathercoxrichardson.substack.com/p/july-26-2026,2026-07-27T04:17:15.373Z,2026-07,"July 26, 2026",false,false,,,8420,723,,everyone,archive_api
substack,substack:heathercoxrichardson,208623661,https://heathercoxrichardson.substack.com/p/whitewashing,2026-07-27T00:58:54.482Z,2026-07,Whitewashing,false,false,,,2364,65,,everyone,archive_api
substack,substack:heathercoxrichardson,208476225,https://heathercoxrichardson.substack.com/p/week-nine-in-250-to-250,2026-07-26T16:30:31.396Z,2026-07,Week Nine in 250 to 250,false,false,,,2101,59,,everyone,archive_api
substack,substack:heathercoxrichardson,208523155,https://heathercoxrichardson.substack.com/p/july-25-2026,2026-07-26T05:47:59.749Z,2026-07,"July 25, 2026",false,false,,,8553,964,,everyone,archive_api
substack,substack:heathercoxrichardson,208503093,https://heathercoxrichardson.substack.com/p/for-their-own-ends,2026-07-25T23:28:38.597Z,2026-07,For Their Own Ends,false,false,,,2292,68,,everyone,archive_api
substack,substack:heathercoxrichardson,208420334,https://heathercoxrichardson.substack.com/p/july-24-2026,2026-07-25T06:06:48.874Z,2026-07,"July 24, 2026",false,false,,,8413,591,,everyone,archive_api
substack,substack:heathercoxrichardson,208396213,https://heathercoxrichardson.substack.com/p/a-politically-impossible-situation,2026-07-24T23:17:25.453Z,2026-07,A Politically Impossible Situation,false,false,,,2608,97,,everyone,archive_api
substack,substack:heathercoxrichardson,208292238,https://heathercoxrichardson.substack.com/p/july-23-2026,2026-07-24T05:24:04.600Z,2026-07,"July 23, 2026",false,false,,,8041,704,,everyone,archive_api
substack,substack:heathercoxrichardson,208270705,https://heathercoxrichardson.substack.com/p/governor-wes-moore-american-conversations,2026-07-23T23:43:02.262Z,2026-07,Governor Wes Moore | American Conversations,false,false,,,327,4,,everyone,archive_api
substack,substack:heathercoxrichardson,208255388,https://heathercoxrichardson.substack.com/p/is-this-fascism,2026-07-23T21:21:33.616Z,2026-07,Is This Fascism,false,false,,,2842,82,,everyone,archive_api
substack,substack:heathercoxrichardson,208150008,https://heathercoxrichardson.substack.com/p/july-22-2026,2026-07-23T03:10:00.340Z,2026-07,"July 22, 2026",false,false,,,9732,739,,everyone,archive_api
substack,substack:heathercoxrichardson,208110530,https://heathercoxrichardson.substack.com/p/dramatic-cuts,2026-07-22T20:15:15.713Z,2026-07,Dramatic Cuts,false,false,,,784,51,,everyone,archive_api
substack,substack:heathercoxrichardson,208090753,https://heathercoxrichardson.substack.com/p/shirking-responsibility-440,2026-07-22T17:25:58.356Z,2026-07,Shirking Responsibility,false,false,,,1874,23,,everyone,archive_api
substack,substack:heathercoxrichardson,208015390,https://heathercoxrichardson.substack.com/p/july-21-2026,2026-07-22T05:39:53.489Z,2026-07,"July 21, 2026",false,false,,,8577,723,,everyone,archive_api
substack,substack:heathercoxrichardson,207989110,https://heathercoxrichardson.substack.com/p/politics-chat-july-21-2026,2026-07-21T23:42:04.693Z,2026-07," Politics Chat, July 21, 2026",false,false,,,335,3,,everyone,archive_api
substack,substack:heathercoxrichardson,207980585,https://heathercoxrichardson.substack.com/p/brian-tyler-cohen-american-conversations,2026-07-21T22:20:59.306Z,2026-07,Brian Tyler Cohen | American Conversations,false,false,,,295,18,,everyone,archive_api
substack,substack:heathercoxrichardson,207875247,https://heathercoxrichardson.substack.com/p/july-20-2026,2026-07-21T05:47:55.000Z,2026-07,"July 20, 2026",false,false,,,7504,571,,everyone,archive_api
substack,substack:heathercoxrichardson,207730450,https://heathercoxrichardson.substack.com/p/july-19-2026,2026-07-20T03:22:42.652Z,2026-07,"July 19, 2026",false,false,,,8908,308,,everyone,archive_api
substack,substack:heathercoxrichardson,207695182,https://heathercoxrichardson.substack.com/p/massachusetts-54th-regiment,2026-07-19T19:44:21.410Z,2026-07,Massachusetts 54th Regiment,false,false,,,1949,37,,everyone,archive_api
substack,substack:heathercoxrichardson,207586320,https://heathercoxrichardson.substack.com/p/week-eight-in-250-to-250,2026-07-19T16:19:52.598Z,2026-07,Week Eight in 250 to 250,false,false,,,2228,56,,everyone,archive_api
substack,substack:heathercoxrichardson,207618104,https://heathercoxrichardson.substack.com/p/july-18-2026,2026-07-19T03:13:26.029Z,2026-07,"July 18, 2026",false,false,,,9456,611,,everyone,archive_api
substack,substack:heathercoxrichardson,207608926,https://heathercoxrichardson.substack.com/p/a-deeply-unpopular-push,2026-07-19T00:37:59.596Z,2026-07,A Deeply Unpopular Push,false,false,,,2785,186,,everyone,archive_api
substack,substack:heathercoxrichardson,207520476,https://heathercoxrichardson.substack.com/p/july-17-2026,2026-07-18T06:14:02.745Z,2026-07,"July 17, 2026",false,false,,,8612,1148,,everyone,archive_api
substack,substack:heathercoxrichardson,207481464,https://heathercoxrichardson.substack.com/p/trumps-lies,2026-07-17T21:30:25.352Z,2026-07,Trump’s Lies,false,false,,,2662,81,,everyone,archive_api
substack,substack:heathercoxrichardson,207382410,https://heathercoxrichardson.substack.com/p/july-16-2026,2026-07-17T05:26:50.073Z,2026-07,"July 16, 2026 ",false,false,,,8746,665,,everyone,archive_api
substack,substack:heathercoxrichardson,207370637,https://heathercoxrichardson.substack.com/p/politics-chat-july-16-2026,2026-07-17T02:24:02.914Z,2026-07,"Politics Chat, July 16, 2026",false,false,,,308,13,,everyone,archive_api
substack,substack:heathercoxrichardson,207326309,https://heathercoxrichardson.substack.com/p/a-different-set-of-priorities,2026-07-16T18:43:06.961Z,2026-07,A Different Set of Priorities,false,false,,,1883,38,,everyone,archive_api
substack,substack:heathercoxrichardson,207245533,https://heathercoxrichardson.substack.com/p/july-15-2026,2026-07-16T05:57:12.735Z,2026-07,"July 15, 2026",false,false,,,7272,529,,everyone,archive_api
substack,substack:heathercoxrichardson,207218960,https://heathercoxrichardson.substack.com/p/valuing-what-nature-can-accomplish,2026-07-15T23:03:35.557Z,2026-07,Valuing What Nature Can Accomplish,false,false,,,1875,54,,everyone,archive_api
substack,substack:heathercoxrichardson,207111298,https://heathercoxrichardson.substack.com/p/justin-wolfers-american-conversations,2026-07-15T12:49:56.802Z,2026-07, Justin Wolfers | American Conversations,false,false,,,327,15,,everyone,archive_api
substack,substack:heathercoxrichardson,207114119,https://heathercoxrichardson.substack.com/p/july-14-2026,2026-07-15T05:10:43.092Z,2026-07,"July 14, 2026",false,false,,,7474,752,,everyone,archive_api
substack,substack:heathercoxrichardson,207095129,https://heathercoxrichardson.substack.com/p/politics-chat-july-14-2026,2026-07-15T00:18:05.772Z,2026-07,"Politics Chat, July 14, 2026",false,false,,,343,13,,everyone,archive_api
substack,substack:heathercoxrichardson,207066556,https://heathercoxrichardson.substack.com/p/hostilities,2026-07-14T19:48:21.733Z,2026-07,Hostilities,false,false,,,2018,49,,everyone,archive_api
substack,substack:heathercoxrichardson,206966475,https://heathercoxrichardson.substack.com/p/july-13-2026,2026-07-14T05:18:54.535Z,2026-07,"July 13, 2026 ",false,false,,,8269,593,,everyone,archive_api
substack,substack:heathercoxrichardson,206934571,https://heathercoxrichardson.substack.com/p/threats-dismissed,2026-07-13T23:34:53.167Z,2026-07,Threats Dismissed,false,false,,,2289,70,,everyone,archive_api
substack,substack:heathercoxrichardson,206794963,https://heathercoxrichardson.substack.com/p/july-12-2026,2026-07-13T05:09:46.082Z,2026-07,"July 12, 2026",false,false,,,8990,678,,everyone,archive_api
substack,substack:heathercoxrichardson,206774743,https://heathercoxrichardson.substack.com/p/fury,2026-07-13T01:07:13.691Z,2026-07,Fury,false,false,,,3083,66,,everyone,archive_api
substack,substack:heathercoxrichardson,206618516,https://heathercoxrichardson.substack.com/p/week-seven-in-250-to-250,2026-07-12T23:03:05.835Z,2026-07,Week Seven in 250 to 250,false,false,,,2040,52,,everyone,archive_api
substack,substack:heathercoxrichardson,206660781,https://heathercoxrichardson.substack.com/p/july-11-2026,2026-07-12T05:35:24.450Z,2026-07,"July 11, 2026 ",false,false,,,8449,663,,everyone,archive_api
substack,substack:heathercoxrichardson,206618171,https://heathercoxrichardson.substack.com/p/rigging-the-2026-election,2026-07-11T19:49:01.481Z,2026-07,Rigging the 2026 Election,false,false,,,2821,68,,everyone,archive_api
substack,substack:heathercoxrichardson,206540824,https://heathercoxrichardson.substack.com/p/july-10-2026,2026-07-11T06:14:28.810Z,2026-07,"July 10, 2026",false,false,,,8205,735,,everyone,archive_api
substack,substack:heathercoxrichardson,206508954,https://heathercoxrichardson.substack.com/p/ami-fields-meyer-and-julia-angwin,2026-07-10T22:13:54.335Z,2026-07,Ami Fields-Meyer and Julia Angwin | American Conversations,false,false,,,340,4,,everyone,archive_api
substack,substack:heathercoxrichardson,206501622,https://heathercoxrichardson.substack.com/p/what-the-fourteenth-amendment-protects,2026-07-10T21:09:19.468Z,2026-07,What the Fourteenth Amendment Protects,false,false,,,1823,81,,everyone,archive_api
substack,substack:heathercoxrichardson,206396999,https://heathercoxrichardson.substack.com/p/july-9-2026,2026-07-10T04:37:13.100Z,2026-07,"July 9, 2026",false,false,,,7722,548,,everyone,archive_api
substack,substack:heathercoxrichardson,206373673,https://heathercoxrichardson.substack.com/p/politics-chat-july-9-2026,2026-07-09T23:40:43.893Z,2026-07,"Politics Chat, July 9, 2026",false,false,,,331,8,,everyone,archive_api
substack,substack:heathercoxrichardson,206339473,https://heathercoxrichardson.substack.com/p/who-is-in-control,2026-07-09T19:01:49.519Z,2026-07,Who is in Control?,false,false,,,2526,71,,everyone,archive_api
substack,substack:heathercoxrichardson,206327084,https://heathercoxrichardson.substack.com/p/scott-macfarlane-american-conversations,2026-07-09T17:21:47.860Z,2026-07,Scott MacFarlane | American Conversations,false,false,,,510,25,,everyone,archive_api
substack,substack:heathercoxrichardson,206245425,https://heathercoxrichardson.substack.com/p/july-8-2026,2026-07-09T05:49:52.269Z,2026-07,"July 8, 2026",false,false,,,7777,754,,everyone,archive_api
substack,substack:heathercoxrichardson,206202571,https://heathercoxrichardson.substack.com/p/nato-summit-in-turkiye,2026-07-08T21:27:52.580Z,2026-07,NATO Summit in Türkiye,false,false,,,1982,33,,everyone,archive_api
substack,substack:heathercoxrichardson,206012115,https://heathercoxrichardson.substack.com/p/july-7-2026,2026-07-08T07:53:47.742Z,2026-07,"July 7, 2026",false,false,,,7557,619,,everyone,archive_api
substack,substack:heathercoxrichardson,205975602,https://heathercoxrichardson.substack.com/p/politics-chat-july-7-2026,2026-07-08T00:18:42.311Z,2026-07," Politics Chat, July 7, 2026",false,false,,,356,15,,everyone,archive_api
substack,substack:heathercoxrichardson,205953522,https://heathercoxrichardson.substack.com/p/a-thumb-on-the-scale,2026-07-07T21:19:00.219Z,2026-07,A Thumb on the Scale,false,false,,,1945,56,,everyone,archive_api
substack,substack:heathercoxrichardson,205726823,https://heathercoxrichardson.substack.com/p/july-6-2026,2026-07-07T06:54:36.971Z,2026-07,"July 6, 2026",false,false,,,7752,936,,everyone,archive_api
substack,substack:heathercoxrichardson,205650468,https://heathercoxrichardson.substack.com/p/reality-reasserts-itself,2026-07-06T19:21:42.922Z,2026-07,Reality Reasserts Itself,false,false,,,2420,70,,everyone,archive_api
substack,substack:heathercoxrichardson,205453519,https://heathercoxrichardson.substack.com/p/july-5-2026,2026-07-06T05:38:09.567Z,2026-07,"July 5, 2026 ",false,false,,,8028,761,,everyone,archive_api
substack,substack:heathercoxrichardson,205013022,https://heathercoxrichardson.substack.com/p/week-six-in-250-to-250,2026-07-05T19:51:37.886Z,2026-07,Week Six in 250 to 250,false,false,,,2432,66,,everyone,archive_api
substack,substack:heathercoxrichardson,205133007,https://heathercoxrichardson.substack.com/p/july-4-2026,2026-07-05T03:40:05.971Z,2026-07,"July 4, 2026",false,false,,,8101,292,,everyone,archive_api
substack,substack:heathercoxrichardson,205107850,https://heathercoxrichardson.substack.com/p/government-of-the-people-by-the-people,2026-07-04T21:59:40.601Z,2026-07,"Government of the People, by the People, for the People ",false,false,,,2609,69,,everyone,archive_api
substack,substack:heathercoxrichardson,205008037,https://heathercoxrichardson.substack.com/p/july-3-2026,2026-07-04T04:21:46.037Z,2026-07,"July 3, 2026",false,false,,,8948,634,,everyone,archive_api
substack,substack:heathercoxrichardson,204948577,https://heathercoxrichardson.substack.com/p/resting-on-the-rule-of-law,2026-07-03T17:32:55.831Z,2026-07,Resting on the Rule of Law,false,false,,,2050,45,,everyone,archive_api
substack,substack:heathercoxrichardson,204779018,https://heathercoxrichardson.substack.com/p/july-2-2026,2026-07-03T03:22:20.923Z,2026-07,"July 2, 2026",false,false,,,6857,470,,everyone,archive_api
substack,substack:heathercoxrichardson,204777685,https://heathercoxrichardson.substack.com/p/politics-chat-july-2-2026-5fb,2026-07-03T03:00:52.987Z,2026-07,"Politics Chat, July 2, 2026",false,false,,,477,9,,everyone,archive_api
substack,substack:heathercoxrichardson,204747583,https://heathercoxrichardson.substack.com/p/the-white-house-is-not-a-business,2026-07-02T21:36:46.220Z,2026-07,The White House is Not a Business Opportunity,false,false,,,2020,63,,everyone,archive_api
substack,substack:heathercoxrichardson,204577593,https://heathercoxrichardson.substack.com/p/july-1-2026,2026-07-02T05:56:00.043Z,2026-07,"July 1, 2026",false,true,1850,,8745,873,,everyone,posts_api
substack,substack:heathercoxrichardson,204535983,https://heathercoxrichardson.substack.com/p/birthright-citizenship,2026-07-01T22:01:56.719Z,2026-07,Birthright Citizenship,false,false,,,1679,44,,everyone,archive_api
substack,substack:heathercoxrichardson,204392884,https://heathercoxrichardson.substack.com/p/june-30-2026,2026-07-01T06:01:34.920Z,2026-07,"June 30, 2026 ",false,false,,,7265,679,,everyone,archive_api
substack,substack:heathercoxrichardson,204359508,https://heathercoxrichardson.substack.com/p/the-unitary-executive,2026-06-30T23:32:30.566Z,2026-06,The Unitary Executive,false,false,,,1809,65,,everyone,archive_api
substack,substack:heathercoxrichardson,204225981,https://heathercoxrichardson.substack.com/p/june-29-2026,2026-06-30T05:20:06.245Z,2026-06,"June 29, 2026 ",false,false,,,7654,881,,everyone,archive_api
substack,substack:heathercoxrichardson,204173904,https://heathercoxrichardson.substack.com/p/a-new-political-language,2026-06-29T20:15:40.637Z,2026-06,A New Political Language,false,false,,,2302,51,,everyone,archive_api
substack,substack:heathercoxrichardson,204064606,https://heathercoxrichardson.substack.com/p/june-28-2026,2026-06-29T05:24:34.537Z,2026-06,"June 28, 2026",false,false,,,11412,830,,everyone,archive_api
substack,substack:heathercoxrichardson,204040754,https://heathercoxrichardson.substack.com/p/lies-threats-and-looting,2026-06-29T00:57:16.583Z,2026-06,"Lies, Threats, and Looting",false,false,,,2592,64,,everyone,archive_api
substack,substack:heathercoxrichardson,203801737,https://heathercoxrichardson.substack.com/p/week-five-in-250-to-250,2026-06-28T15:55:01.965Z,2026-06,Week Five in 250 to 250,false,false,,,2650,93,,everyone,archive_api
substack,substack:heathercoxrichardson,203919303,https://heathercoxrichardson.substack.com/p/june-27-2026,2026-06-28T04:50:31.823Z,2026-06,"June 27, 2026",false,false,,,10797,968,,everyone,archive_api
substack,substack:heathercoxrichardson,203859534,https://heathercoxrichardson.substack.com/p/a-party-of-radical-extremists,2026-06-27T17:24:33.585Z,2026-06,A Party of Radical Extremists,false,false,,,2434,91,,everyone,archive_api
substack,substack:heathercoxrichardson,203795564,https://heathercoxrichardson.substack.com/p/june-26-2026,2026-06-27T05:41:10.662Z,2026-06,"June 26, 2026",false,false,,,8633,858,,everyone,archive_api
substack,substack:heathercoxrichardson,203778619,https://heathercoxrichardson.substack.com/p/battle-of-the-little-big-horn,2026-06-27T01:04:10.723Z,2026-06,Battle of the Little Big Horn,false,false,,,1502,26,,everyone,archive_api
substack,substack:thebulwark,217302978,https://www.thebulwark.com/p/the-bulwarks-cruelest-assignment,2026-09-24T22:41:56.012Z,2026-09,The Bulwark’s Cruelest Assignment Yet: 6 Hours of Trump TV,true,false,,,764,89,,only_paid,archive_api
substack,substack:thebulwark,217239775,https://www.thebulwark.com/p/sam-stein-and-mary-peltola-cozying,2026-09-24T19:13:07.093Z,2026-09,Sam Stein and Mary Peltola: Cozying Up to Commies and Corporate Elites,true,false,,,566,190,,only_paid,archive_api
substack,substack:thebulwark,217269482,https://www.thebulwark.com/p/republicans-are-running-out-of-gas,2026-09-24T19:11:07.423Z,2026-09,Republicans Are Running Out of Gas on Trump’s Iran War,true,false,,,513,62,,only_paid,archive_api
substack,substack:thebulwark,217087297,https://www.thebulwark.com/p/our-politicians-suck-but-our-voters-do-too,2026-09-24T16:31:53.384Z,2026-09,"Our Politicians Suck. But Our Voters Do, Too.",false,false,,,1440,758,,everyone,archive_api
substack,substack:thebulwark,217247932,https://www.thebulwark.com/p/bumbling-maga-media-tries-to-launch-their-own-white-house-pool,2026-09-24T15:00:35.775Z,2026-09,Bumbling MAGA Media Tries to Launch Their Own White House Pool,true,false,,,669,75,,only_paid,archive_api
substack,substack:thebulwark,217233759,https://www.thebulwark.com/p/trump-kowtows-to-china-xi-visit-red-carpet-ai-un-speech-russia,2026-09-24T13:34:58.318Z,2026-09,Trump Kowtows to China,false,false,,,822,298,,everyone,archive_api
substack,substack:thebulwark,217158604,https://www.thebulwark.com/p/nikole-hannah-jones-has-the-wrong-answers-schools-right-question-reform-charter,2026-09-24T09:28:36.747Z,2026-09,Nikole Hannah-Jones Has the Wrong Answers on Schools,false,false,,,116,105,,everyone,archive_api
substack,substack:thebulwark,217202843,https://www.thebulwark.com/p/remigration-state-department-white-nationalist,2026-09-24T08:45:00.378Z,2026-09,The White Nationalist Buzzword on a State Department Door,false,false,,,143,34,,everyone,archive_api
substack,substack:thebulwark,217157716,https://www.thebulwark.com/p/trumps-ai-push-could-boost-his-own,2026-09-24T06:16:56.321Z,2026-09,Trump’s AI Push Could Boost His Own Investments (w/ Gov. Wes Moore),true,false,,,283,29,,only_paid,archive_api
substack,substack:thebulwark,217154347,https://www.thebulwark.com/p/democrats-newest-campaign-line-trump-going-to-freeze-you-winter-fuel-prices-petroleum-diesel-home-heating-costs,2026-09-23T23:33:02.684Z,2026-09,Dems’ Newest Campaign Line: Trump’s Gonna Freeze You to Death,true,false,,,506,78,,only_paid,archive_api
substack,substack:thebulwark,217154850,https://www.thebulwark.com/p/even-this-former-trump-supporter,2026-09-23T23:31:02.376Z,2026-09,Even This Former Trump Supporter HATES the War,true,false,,,485,83,,only_paid,archive_api
substack,substack:thebulwark,217148847,https://www.thebulwark.com/p/trumps-ballroom-may-be-illegal-so,2026-09-23T22:28:26.723Z,2026-09,Trump’s Ballroom May Be Illegal. So Why Can’t Anyone Stop It? (w/ Ben Wittes),true,false,,,601,115,,only_paid,archive_api
substack,substack:thebulwark,217121081,https://www.thebulwark.com/p/sarah-matthews-and-jason-horowitz,2026-09-23T20:16:01.978Z,2026-09,Sarah Matthews and Jason Horowitz: Trump Propaganda and Italian Fascism ,true,false,,,479,75,,only_paid,archive_api
substack,substack:thebulwark,216959403,https://www.thebulwark.com/p/portrait-of-an-anti-anti-trumper-in-despair-gerard-baker,2026-09-23T17:39:25.671Z,2026-09,Portrait of an Anti-Anti-Trumper in Despair,true,false,,,1818,834,,only_paid,archive_api
substack,substack:thebulwark,217092626,https://www.thebulwark.com/p/andrew-weissmann-trumps-white-house,2026-09-23T17:23:57.476Z,2026-09,Andrew Weissmann Just Won a BIG Free-Speech Victory,true,false,,,1132,157,,only_paid,archive_api
substack,substack:thebulwark,217106606,https://www.thebulwark.com/p/why-saudi-arabias-houthi-problem-yemen-trump-iran-oil-bab-al-mandab,2026-09-23T17:18:41.209Z,2026-09,"Why Saudi Arabia’s Houthi Problem Is Our Problem, Too",false,false,,,178,25,,everyone,archive_api
substack,substack:thebulwark,216973177,https://www.thebulwark.com/p/trump-admits-to-war-crimes-during,2026-09-23T15:49:13.027Z,2026-09,Command Post: Trump Admits To War Crimes During UN Speech,true,false,,,583,94,,only_paid,archive_api
substack,substack:thebulwark,217035064,https://www.thebulwark.com/p/this-is-a-five-alarm-fire-for-medical-research-vought-nih,2026-09-23T14:51:32.370Z,2026-09,This Is a Five-Alarm Fire for Medical Research,false,false,,,713,104,,everyone,archive_api
substack,substack:thebulwark,217068120,https://www.thebulwark.com/p/we-watched-six-hours-of-trump-tv-canada-potash-belarus,2026-09-23T13:39:39.108Z,2026-09,"We’ll Tolerate Tyranny, But Not Rising Prices.",false,false,,,871,357,,everyone,archive_api
substack,substack:thebulwark,217029927,https://www.thebulwark.com/p/i-watched-six-straight-hours-of-trump-tv-please-help-me,2026-09-23T07:32:07.559Z,2026-09,"I Watched Six Straight Hours of Trump TV. Please, Help Me.",true,false,,,422,173,,only_paid,archive_api
substack,substack:thebulwark,216983283,https://www.thebulwark.com/p/obamas-top-economist-has-a-warning,2026-09-22T23:47:29.907Z,2026-09,Obama’s Top Economist Has a Warning for the Country,false,false,,,589,58,,everyone,archive_api
substack,substack:thebulwark,216985550,https://www.thebulwark.com/p/sarahs-focus-groups-do-not-like-vivek,2026-09-22T23:10:07.304Z,2026-09,Furious Republicans are Finally Breaking with a Weakened Trump,true,false,,,1686,581,,only_paid,archive_api
substack,substack:thebulwark,216947369,https://www.thebulwark.com/p/stuart-stevens-republicans-are-desperate,2026-09-22T19:44:01.416Z,2026-09,Stuart Stevens: Republicans Are Desperate,true,false,,,898,168,,only_paid,archive_api
substack,substack:thebulwark,216779646,https://www.thebulwark.com/p/jeffries-to-fundraise-with-fox-news-favorite-democrat,2026-09-22T18:31:33.469Z,2026-09,Jeffries Abruptly Cancels Fundraiser With Fox News’s Favorite Dem,false,false,,,565,110,,everyone,archive_api
substack,substack:thebulwark,216934914,https://www.thebulwark.com/p/even-putin-is-getting-sick-of-witkoff,2026-09-22T17:45:44.280Z,2026-09,Even Putin Is Getting Sick of Witkoff and Kushner (w/ Rep. Jim Himes),true,false,,,591,81,,only_paid,archive_api
substack,substack:thebulwark,216883938,https://www.thebulwark.com/p/democrats-senate-majority-54-seats-mandate-actions-contract-america,2026-09-22T16:27:08.135Z,2026-09,What Dems Should Do With 54 Senate Seats,true,false,,,1295,724,,only_paid,archive_api
substack,substack:thebulwark,216835718,https://www.thebulwark.com/p/live-reaction-trump-delivers-speech,2026-09-22T15:42:53.937Z,2026-09,LIVE REACTION: Trump Delivers Speech To UN Amid War In Iran,true,false,,,599,161,,only_paid,archive_api
substack,substack:thebulwark,216824751,https://www.thebulwark.com/p/why-vivek-ramaswamy-star-is-falling-ohio-amy-acton-trump-maga-midterms,2026-09-22T14:29:41.395Z,2026-09,Why Vivek Ramaswamy’s Star Is Falling in Ohio,true,false,,,736,213,,only_paid,archive_api
substack,substack:thebulwark,216895161,https://www.thebulwark.com/p/trumps-quadrangle-of-doom-maga-narcissism-stephen-miller-natalie-harp-larry-ellison-paramount-skydance-settlement,2026-09-22T13:33:07.409Z,2026-09,Trump’s Quadrangle of Doom,false,false,,,908,245,,everyone,archive_api
substack,substack:thebulwark,216810911,https://www.thebulwark.com/p/trumps-fed-chair-put-him-in-a-very,2026-09-22T10:15:29.918Z,2026-09,Obama’s Top Economist Has a Warning for the Country (w/ Jason Furman),true,false,,,569,76,,only_paid,archive_api
substack,substack:thebulwark,216856259,https://www.thebulwark.com/p/primetime-review,2026-09-22T09:30:47.853Z,2026-09,‘Primetime’ Review,false,false,,,73,6,,everyone,archive_api
substack,substack:thebulwark,216819982,https://www.thebulwark.com/p/scoop-looksmaxxer-clavicular-charged-with-criminal-rape-drugging,2026-09-21T23:50:25.888Z,2026-09,"SCOOP: Looksmaxxer Clavicular Charged With Criminal Rape, Drugging",true,false,,,966,205,,only_paid,archive_api
substack,substack:thebulwark,216794249,https://www.thebulwark.com/p/trump-just-hit-his-worst-approval,2026-09-21T23:26:17.955Z,2026-09,Trump Just Hit His Worst Approval Number EVER (w/ David Pakman),true,false,,,665,76,,only_paid,archive_api
substack,substack:thebulwark,216802532,https://www.thebulwark.com/p/trumps-war-on-the-press-just-backfired,2026-09-21T22:54:35.186Z,2026-09,Trump’s War on the Press Just Backfired in the Funniest Possible Way,true,false,,,785,101,,only_paid,archive_api
substack,substack:thebulwark,216779060,https://www.thebulwark.com/p/andrew-egger-donald-youre-rattled,2026-09-21T19:13:51.478Z,2026-09,Trump’s Latest Meltdown Is a Dead Giveaway: He’s Rattled (w/ Andrew Egger),true,false,,,1400,288,,only_paid,archive_api
substack,substack:thebulwark,216786216,https://www.thebulwark.com/p/ice-shot-a-doordash-driver-in-the-back-in-austin-bullet-wilber-garces-perez,2026-09-21T18:54:47.030Z,2026-09,ICE Shot a DoorDash Driver in the Back in Austin,false,false,,,585,114,,everyone,archive_api
substack,substack:thebulwark,216719862,https://www.thebulwark.com/p/trump-forever-war-iran-is-sucking-the-life-out-of-him,2026-09-21T16:51:03.316Z,2026-09,Trump’s Forever War Is Sucking the Life Out of Him,true,false,,,1847,1024,,only_paid,archive_api
substack,substack:thebulwark,216674040,https://www.thebulwark.com/p/maga-mondays-maga-turns-on-itself,2026-09-21T15:56:34.413Z,2026-09,MAGA Mondays: MAGA Turns on Itself in a Spectacular Weekend Meltdown,true,false,,,669,133,,only_paid,archive_api
substack,substack:thebulwark,216629490,https://www.thebulwark.com/p/donald-trump-ai-hubris-is-a-blue-democratic-opportunity,2026-09-21T13:33:08.741Z,2026-09,Trump’s AI Hubris Is a Blue Opportunity,false,false,,,789,301,,everyone,archive_api
substack,substack:thebulwark,216338510,https://www.thebulwark.com/p/whats-the-matter-with-kansas-senators-tariffs-agriculture-manufacturing-bombardier-beef-marshall-hamilton-trump,2026-09-21T07:51:17.582Z,2026-09,What’s the Matter with Kansas’s Senators?,false,false,,,218,38,,everyone,archive_api
substack,substack:thebulwark,216695905,https://www.thebulwark.com/p/russia-putin-sloppy-spies-cross-a-deadly-line,2026-09-21T07:38:09.387Z,2026-09,Russia’s Sloppy Spies Cross a Deadly Line,false,false,,,214,21,,everyone,archive_api
substack,substack:thebulwark,216656504,https://www.thebulwark.com/p/trumps-new-defense-of-the-arch-is,2026-09-21T00:34:11.421Z,2026-09,Trump’s New Defense Of The Arch Is INCREDIBLY Stupid,true,false,,,634,131,,only_paid,archive_api
substack,substack:thebulwark,216580932,https://www.thebulwark.com/p/the-one-legit-reason-for-dem-panic,2026-09-20T23:49:18.981Z,2026-09,The One Legit Reason for Dem Panic,false,false,,,494,122,,everyone,archive_api
substack,substack:thebulwark,216643710,https://www.thebulwark.com/p/russias-shadow-war-is-spreading-across,2026-09-20T22:11:56.542Z,2026-09,The World Is on Fire. Here’s What You Need to Know.,true,false,,,1045,127,,only_paid,archive_api
substack,substack:thebulwark,216613639,https://www.thebulwark.com/p/tim-miller-goes-off-on-the-gops-trainwreck,2026-09-20T18:18:26.947Z,2026-09,Tim Miller Goes Off on the GOP's Trainwreck NC Senate Candidate,false,false,,,880,76,,everyone,archive_api
substack,substack:thebulwark,216608163,https://www.thebulwark.com/p/trumps-iran-disaster-is-reshaping,2026-09-20T17:08:17.058Z,2026-09,Robert Kagan’s Chilling Warning About Trump’s Next Two Years | Bulwark on Sunday,true,false,,,999,159,,only_paid,archive_api
substack,substack:thebulwark,216534676,https://www.thebulwark.com/p/hhs-secretary-robert-kennedy-rfk-jr-medical-freedom-comes-with-body-count-chop-measles-philadelphia-anti-vax-conference,2026-09-20T12:38:00.784Z,2026-09,RFK Jr.’s ‘Medical Freedom’ Comes With a Body Count,true,false,,,729,148,,only_paid,archive_api
substack,substack:thebulwark,216496590,https://www.thebulwark.com/p/trump-says-hes-banning-the-free-press,2026-09-19T23:17:22.505Z,2026-09,Trump Says He’s Banning the ‘Free Press’ From His White House,true,false,,,553,94,,only_paid,archive_api
substack,substack:thebulwark,216475596,https://www.thebulwark.com/p/america-nearly-made-a-catastrophic,2026-09-19T18:08:12.943Z,2026-09,The Pentagon Lost Track of Sensitive F-35 Stealth Technology | Command Post,true,false,,,582,76,,only_paid,archive_api
substack,substack:thebulwark,216352830,https://www.thebulwark.com/p/focus-groups-are-revealing-a-huge,2026-09-19T10:01:41.347Z,2026-09,Focus Groups Are Revealing a HUGE Weakness for Republicans,true,false,,,1023,201,,only_paid,archive_api
substack,substack:thebulwark,216375627,https://www.thebulwark.com/p/alex-wagner-nukes-alitos-defense,2026-09-19T02:04:42.124Z,2026-09,Alex Wagner NUKES Alito’s Defense of the Trump Election Power Grab,true,false,,,1230,194,,only_paid,archive_api
substack,substack:thebulwark,216356888,https://www.thebulwark.com/p/george-conway-goes-live-from-the,2026-09-19T00:46:25.901Z,2026-09,George Conway Goes Live From the Kennedy Center Protest,true,false,,,1111,112,,only_paid,archive_api
substack,substack:thebulwark,216362844,https://www.thebulwark.com/p/trumps-kennedy-center-fight-is-barreling,2026-09-18T21:59:03.097Z,2026-09,Trump’s Kennedy Center Fight Is Barreling Toward a Constitutional Showdown (w/ Nathaniel Zelinsky),true,false,,,516,81,,only_paid,archive_api
substack,substack:thebulwark,216269111,https://www.thebulwark.com/p/from-the-odyssey-to-spider-man-summer-movies,2026-09-18T19:01:40.825Z,2026-09,"From ‘The Odyssey’ to ‘Spider-Man,’ a Summer for Everyone",false,false,,,257,17,,everyone,archive_api
substack,substack:thebulwark,216316675,https://www.thebulwark.com/p/anne-applebaum-globalized-maga-kleptocracy,2026-09-18T19:01:28.291Z,2026-09,Anne Applebaum: Putin Played Jared Kushner “Like a Fiddle” ,true,false,,,2429,227,,only_paid,archive_api
substack,substack:thebulwark,216291523,https://www.thebulwark.com/p/were-living-in-an-insane-asylum,2026-09-18T18:58:48.757Z,2026-09,We’re Living in an Insane Asylum ,true,false,,,2034,803,,only_paid,archive_api
substack,substack:thebulwark,216296633,https://www.thebulwark.com/p/canadas-break-with-trump-just-got,2026-09-18T17:38:01.021Z,2026-09,Canada’s Break With Trump Just Got MUCH Bigger,true,false,,,1112,182,,only_paid,archive_api
substack,substack:thebulwark,216315851,https://www.thebulwark.com/p/its-zohran-mamdani-vs-donald-trump-on-immigration-public-charge,2026-09-18T15:30:43.053Z,2026-09,It’s Zohran vs. Trump on Immigration,false,false,,,587,29,,everyone,archive_api
substack,substack:thebulwark,216294271,https://www.thebulwark.com/p/why-do-we-even-have-a-constitution-day-declaration-democracy-freedom,2026-09-18T13:23:22.155Z,2026-09,Why Do We Even Have a Constitution Day?,false,false,,,703,251,,everyone,archive_api
substack,substack:thebulwark,216199501,https://www.thebulwark.com/p/breaking-down-spider-man-brand-new-day-with-chris-mckenna,2026-09-18T10:00:51.187Z,2026-09,Breaking Down ‘Spider-Man: Brand New Day’ With Its Co-writer,false,false,,,40,4,,everyone,archive_api
substack,substack:thebulwark,216274440,https://www.thebulwark.com/p/gop-republican-maga-white-nationalism-problem-goes-to-the-top-bo-french-vance-posobiec,2026-09-18T09:10:06.073Z,2026-09,The GOP’s White Nationalism Problem Goes All the Way to the Top,false,false,,,388,111,,everyone,archive_api
substack,substack:thebulwark,216213629,https://www.thebulwark.com/p/ben-shapiros-grotesque-anti-muslim,2026-09-17T23:01:07.355Z,2026-09,Ben Shapiro’s Grotesque Anti-Muslim Movie,true,false,,,458,75,,only_paid,archive_api
substack,substack:thebulwark,216224980,https://www.thebulwark.com/p/wanna-influence-transportation-secretary-sean-duffy-try-his-son-in-law-campaign-michael-alfonso,2026-09-17T23:01:01.206Z,2026-09,Wanna Influence Sean Duffy? Try His Son-in-Law’s Campaign.,true,false,,,443,73,,only_paid,archive_api
substack,substack:thebulwark,216202615,https://www.thebulwark.com/p/wright-thompson-and-jesse-lehrich,2026-09-17T20:58:29.348Z,2026-09,Wright Thompson and Jesse Lehrich: Hopium and Hate ,true,false,,,571,199,,only_paid,archive_api
substack,substack:thebulwark,216169247,https://www.thebulwark.com/p/exclusive-inside-the-democratic-party-congress-trump-oversight-plans,2026-09-17T19:16:32.640Z,2026-09,EXCLUSIVE: Inside the Democratic Party’s Trump Oversight Plans,true,false,,,632,106,,only_paid,archive_api
substack,substack:thebulwark,216006086,https://www.thebulwark.com/p/canada-america-allies-competitors-donald-trump-mark-carney-eu,2026-09-17T16:42:03.553Z,2026-09,Canada Is Making America Its B*tch,true,false,,,1732,763,,only_paid,archive_api
substack,substack:thebulwark,216156803,https://www.thebulwark.com/p/breaking-trump-threatens-kennedy,2026-09-17T16:07:04.003Z,2026-09,BREAKING: Trump Threatens Kennedy Center Demolition If His Name Isn’t On It,false,false,,,920,174,,everyone,archive_api
substack,substack:thebulwark,216157445,https://www.thebulwark.com/p/ben-shapiro-daily-wire-new-anti-muslim-movie-run-hide-fight-infidel-review,2026-09-17T14:54:52.058Z,2026-09,Ben Shapiro’s New Anti-Muslim Movie Is Truly Bad,true,false,,,592,162,,only_paid,archive_api
substack,substack:thebulwark,216140797,https://www.thebulwark.com/p/congress-to-trump-more-tariffs-please-russia-ukraine-sanctions-bill-graham,2026-09-17T13:34:01.774Z,2026-09,"Congress to Trump: MORE TARIFFS, PLEASE!",false,false,,,760,289,,everyone,archive_api
substack,substack:thebulwark,216068532,https://www.thebulwark.com/p/the-true-costs-of-the-iran-war-38-billion-cbo-estimate-interceptors,2026-09-17T09:32:16.769Z,2026-09,The True Costs of the Iran War,true,false,,,195,37,,only_paid,archive_api
substack,substack:thebulwark,216099718,https://www.thebulwark.com/p/kash-patels-eyebrow-has-gone-rogue,2026-09-17T06:15:24.964Z,2026-09,Kash Patel’s Eyebrow Has Gone Rogue | The Trio,true,false,,,1393,243,,only_paid,archive_api
substack,substack:thebulwark,216049836,https://www.thebulwark.com/p/trump-should-blame-for-fed-interest-rate-hike,2026-09-17T01:24:27.459Z,2026-09,Here’s Who Trump Should Blame for the Rate Hike He’s Raging About,false,false,,,1152,164,,everyone,archive_api
substack,substack:thebulwark,216038628,https://www.thebulwark.com/p/trumps-gas-price-problem-is-about,2026-09-16T22:29:34.147Z,2026-09,"Trump’s Gas Price Problem Is About to Get Much, Much Worse (w/ GasBuddy’s Patrick De Haan)",true,false,,,1108,112,,only_paid,archive_api
substack,substack:thebulwark,216039030,https://www.thebulwark.com/p/catherine-rampell-and-stephen-witt,2026-09-16T20:13:36.287Z,2026-09,Catherine Rampell and Stephen Witt: Can We Avert Economic Disaster and the Robot Apocalypse?,true,false,,,605,186,,only_paid,archive_api
substack,substack:thebulwark,215865199,https://www.thebulwark.com/p/september-book-club-the-odyssey-w,2026-09-16T19:54:54.199Z,2026-09,Bulwark Book Club: ‘The Odyssey’—Did the movie live up to the hype? (w/ Mona Charen & Sonny Bunch),true,false,,,146,29,,only_paid,archive_api
substack,substack:thebulwark,215896215,https://www.thebulwark.com/p/impeach-them-all-of-them-trump-cabinet,2026-09-16T16:35:36.717Z,2026-09,Impeach Them. All of Them.,true,false,,,4494,950,,only_paid,archive_api
substack,substack:thebulwark,215938627,https://www.thebulwark.com/p/resident-evil-review,2026-09-16T16:00:06.769Z,2026-09,‘Resident Evil’ Review,false,false,,,78,17,,everyone,archive_api
substack,substack:thebulwark,216005977,https://www.thebulwark.com/p/inside-trumps-summer-of-cruelty-immigration-ice-stories,2026-09-16T15:52:45.607Z,2026-09,Inside Trump’s Summer of Cruelty,true,false,,,574,64,,only_paid,archive_api
substack,substack:thebulwark,215893693,https://www.thebulwark.com/p/command-post-iran-is-doing-more-damage,2026-09-16T15:46:53.896Z,2026-09,Command Post: Iran Is Doing More Damage to the U.S. Military Than We Knew,true,false,,,606,94,,only_paid,archive_api
substack,substack:thebulwark,215915085,https://www.thebulwark.com/p/the-iran-war-is-moving-too-fast-for-washington-trump-houthis-yemen-saudi-arabia-pipeline-bab-mandab-hormuz-oil-iraq,2026-09-16T14:28:58.353Z,2026-09,The Iran War Is Moving Too Fast for Washington to Keep Up,false,false,,,294,45,,everyone,archive_api
substack,substack:thebulwark,215983901,https://www.thebulwark.com/p/bill-smokes-the-hopium-pipe-in-the-land-corn-midterms-iowa-texas-nebraska-kansas-south-dakota-montana-trump-ai-bernie-sanders-steve-bannon,2026-09-16T13:38:34.553Z,2026-09,Bill Smokes the Hopium Pipe in the Land of Corn,false,true,2892,,901,287,,everyone,posts_api
substack,substack:thebulwark,215876537,https://www.thebulwark.com/p/breaking-jd-vance-privately-advised,2026-09-16T11:03:08.513Z,2026-09,BREAKING: JD Vance Privately Advised Hillary Clinton's Campaign in 2016,true,false,,,860,96,,only_paid,archive_api
substack,substack:thebulwark,215913979,https://www.thebulwark.com/p/exclusive-the-next-big-democratic-proposal-searchlight-institute-free-school-meals-lunches,2026-09-16T00:21:03.173Z,2026-09,EXCLUSIVE: The Next Big Dem Proposal: Let Kids Eat Free,false,false,,,591,102,,everyone,archive_api
substack,substack:thebulwark,215705906,https://www.thebulwark.com/p/jvl-has-an-idea-for-how-democrats,2026-09-15T23:36:10.862Z,2026-09,Thomas Massie Has a Nasty Surprise for Pete Hegseth,true,false,,,1784,456,,only_paid,archive_api
substack,substack:thebulwark,215877824,https://www.thebulwark.com/p/even-george-conway-wasnt-ready-for,2026-09-15T21:47:44.285Z,2026-09,Even George Conway Wasn’t Ready for Kash Patel’s Senate Hearing,true,false,,,1385,205,,only_paid,archive_api
substack,substack:thebulwark,215866523,https://www.thebulwark.com/p/jonathan-swan-we-only-know-5,2026-09-15T20:03:18.174Z,2026-09,Jonathan Swan: We Only Know 5%,true,false,,,724,430,,only_paid,archive_api
substack,substack:thebulwark,215705442,https://www.thebulwark.com/p/ai-ceos-would-very-much-like-congress-to-save-the-world,2026-09-15T19:23:41.690Z,2026-09,AI CEOs Would Very Much Like Congress to Save the World,false,false,,,533,80,,everyone,archive_api
substack,substack:thebulwark,213565478,https://www.thebulwark.com/p/democrats-technology-trump-political-opening-flock-cameras-data-centers-ai-populist-politics,2026-09-15T16:42:03.329Z,2026-09,Democrats Should Demagogue AI. Seriously.,true,false,,,1777,605,,only_paid,archive_api
substack,substack:thebulwark,215755915,https://www.thebulwark.com/p/morning-shots-new-poll-shows-major,2026-09-15T15:25:55.053Z,2026-09,Morning Shots: New Poll Shows Major Democratic Lead Ahead of Midterms,true,false,,,487,64,,only_paid,archive_api
substack,substack:thebulwark,215085114,https://www.thebulwark.com/p/want-to-understand-why-talarico-can-win-listen-to-texas-trump-voters,2026-09-15T14:35:39.024Z,2026-09,Want to Understand Why Talarico Can Win? Listen to These Texas Trump Voters.,true,false,,,807,202,,only_paid,archive_api
substack,substack:thebulwark,215816720,https://www.thebulwark.com/p/trump-learns-you-cant-spell-mail-without-l-ballots-midterms-voting-elections-alito-thomas-ai-data-centers-poll-democrats,2026-09-15T13:22:51.466Z,2026-09,Trump Learns You Can’t Spell Mail Without an L,false,false,,,803,325,,everyone,archive_api
substack,substack:thebulwark,215760943,https://www.thebulwark.com/p/trumps-lies-are-coming-faster-than,2026-09-15T11:32:16.550Z,2026-09,Trump’s Lies Are Coming Faster Than Anyone Can Track,true,false,,,676,113,,only_paid,archive_api
substack,substack:thebulwark,215738553,https://www.thebulwark.com/p/republicans-anti-communist-obsession,2026-09-15T02:38:15.174Z,2026-09,Republicans’ “Anti-Communist” Obsession Backfires Spectacularly,true,false,,,589,38,,only_paid,archive_api
substack,substack:thebulwark,215748709,https://www.thebulwark.com/p/breaking-supreme-court-rejects-trumps,2026-09-15T02:04:46.177Z,2026-09,BREAKING: Supreme Court REJECTS Trump's Mail-In Ballot Restrictions,false,false,,,834,89,,everyone,archive_api
substack,substack:thebulwark,215745277,https://www.thebulwark.com/p/latest-right-wing-revolt-against-dhs-secretary-markwayne-mullin-benny-johnson-ilhan-omar,2026-09-14T23:55:56.625Z,2026-09,The Latest Right-Wing Revolt Against Markwayne Mullin Is the Wildest Yet,false,false,,,848,141,,everyone,archive_api
substack,substack:thebulwark,215728359,https://www.thebulwark.com/p/kennedy-centers-bizarre-documents,2026-09-14T23:32:46.791Z,2026-09,Kennedy Center’s Bizarre Documents Are Pure Trumpian Madness,true,false,,,418,63,,only_paid,archive_api
substack,substack:thebulwark,215704380,https://www.thebulwark.com/p/bill-kristol-it-always-comes-back,2026-09-14T19:42:26.827Z,2026-09,Bill Kristol: It Always Comes Back to Trump/Russia,true,false,,,778,163,,only_paid,archive_api
substack,substack:thebulwark,215704435,https://www.thebulwark.com/p/bombshell-russian-oligarch-bankrolled,2026-09-14T18:34:18.046Z,2026-09,BOMBSHELL: Russian Oligarch Bankrolled Don Jr.’s Wedding,true,false,,,1148,205,,only_paid,archive_api
substack,substack:thebulwark,208715690,https://www.thebulwark.com/p/the-american-age-is-over-for-sure-france-nuclear-weapons-deterrence-europe-trump-finland-ai-superintelligence-containment-risk,2026-09-14T17:00:12.159Z,2026-09,The American Age Is Over. (For sure.) The AI Apocalypse Is Here. (Maybe.),false,false,,,1528,859,,everyone,archive_api
substack,substack:thebulwark,215578843,https://www.thebulwark.com/p/maga-mondays-trumps-handpicked-prosecutor,2026-09-14T16:40:13.795Z,2026-09,MAGA Mondays: Trump’s Handpicked Prosecutor QUITS After Just Five Months,true,false,,,674,111,,only_paid,archive_api
substack,substack:thebulwark,215651645,https://www.thebulwark.com/p/ai-is-a-test-of-our-maturity-gulp-superintelligence-danger-pause-altman-amodei-anthropic-ice-fentanyl-drugs-immigration,2026-09-14T13:20:25.827Z,2026-09,AI Is a Test of Our Maturity. *Gulp*,false,false,,,718,383,,everyone,archive_api
substack,substack:thebulwark,215571335,https://www.thebulwark.com/p/the-lesson-of-a-fractured-elbow,2026-09-14T07:47:47.282Z,2026-09,The Lesson of a Fractured Elbow,false,false,,,316,82,,everyone,archive_api
substack,substack:thebulwark,215616999,https://www.thebulwark.com/p/the-two-stooges-take-another-crack-at-ukraine-witkoff-kushner,2026-09-14T07:44:31.236Z,2026-09,The Two Stooges Take Another Crack at Ukraine,false,false,,,356,39,,everyone,archive_api
substack,substack:thebulwark,215573486,https://www.thebulwark.com/p/watch-mike-johnson-squirm-over-trumps,2026-09-14T00:06:17.286Z,2026-09,"Watch Mike Johnson Squirm Over Trump’s $5,000 Bribe",true,false,,,743,97,,only_paid,archive_api
substack,substack:thebulwark,215576272,https://www.thebulwark.com/p/bernie-dogs-democrats-candidates-2026,2026-09-14T00:00:45.122Z,2026-09,Bernie Dogs Could Teach Democrats a New Trick,true,false,,,419,166,,only_paid,archive_api
substack,substack:thebulwark,215541787,https://www.thebulwark.com/p/this-6-second-debate-clip-could-haunt,2026-09-13T19:26:20.768Z,2026-09,This 6-Second Debate Clip Could Haunt GOP Sen. Dan Sullivan,true,false,,,2699,233,,only_paid,archive_api
substack,substack:thebulwark,215332485,https://www.thebulwark.com/p/how-maga-bewildered-voters-into-its-alternate-reality,2026-09-13T15:15:49.153Z,2026-09,How MAGA Bewildered Voters Into Its Alternate Reality,false,false,,,1624,321,,everyone,archive_api
substack,substack:thebulwark,215436295,https://www.thebulwark.com/p/trump-canada-tariffs-auto-industry-michigan-unions-politics,2026-09-13T12:03:27.458Z,2026-09,Here’s How You Know Trump’s Canada Tariffs Are Bombing,true,false,,,905,116,,only_paid,archive_api
substack,substack:thebulwark,215423096,https://www.thebulwark.com/p/americas-most-powerful-people-are,2026-09-13T01:36:11.722Z,2026-09,America’s Most Powerful People Are Caving to Trump (w/ Richard North Patterson) | Bulwark on Sunday,true,false,,,508,108,,only_paid,archive_api
substack,substack:thebulwark,215053709,https://www.thebulwark.com/p/the-us-is-engaged-in-extra-judicial,2026-09-12T23:01:37.618Z,2026-09,Trump Used to Fantasize About Killing Suspects. Now He’s Doing It.,true,false,,,596,53,,only_paid,archive_api
substack,substack:thebulwark,215408734,https://www.thebulwark.com/p/gop-senator-had-his-patients-arrested,2026-09-12T20:30:07.093Z,2026-09,GOP Senator Had His Patients ARRESTED Over Medical Bills,true,false,,,926,96,,only_paid,archive_api
substack,substack:thebulwark,215271741,https://www.thebulwark.com/p/fear-and-loathing-among-the-fearful,2026-09-12T15:17:36.667Z,2026-09,Fear and Loathing Among the Fearful and Self-Loathing,true,false,,,1052,245,,only_paid,archive_api
substack,substack:thebulwark,215277166,https://www.thebulwark.com/p/the-rnc-convention-was-basically,2026-09-12T14:58:37.921Z,2026-09,The RNC Convention Was Basically a Trump Cult Meeting,true,false,,,572,85,,only_paid,archive_api
substack,substack:thebulwark,215248902,https://www.thebulwark.com/p/somethings-happening-in-texas-with,2026-09-12T10:01:54.237Z,2026-09,Something's Happening in Texas (with Chris Hooks),true,false,,,1016,225,,only_paid,archive_api
substack,substack:thebulwark,215281590,https://www.thebulwark.com/p/saudi-arabias-oil-pipeline-hit-with,2026-09-12T01:00:55.476Z,2026-09,Command Post: Saudi Arabia’s Oil Pipeline Hit With Multiple Attacks,true,false,,,757,105,,only_paid,archive_api
substack,substack:thebulwark,215260597,https://www.thebulwark.com/p/mehdi-hasan-911s-fallout-25-years,2026-09-11T19:25:28.328Z,2026-09,Mehdi Hasan: 9/11's Fallout 25 Years Later,true,false,,,753,291,,only_paid,archive_api
substack,substack:thebulwark,215216936,https://www.thebulwark.com/p/its-getting-worse-649,2026-09-11T19:22:23.477Z,2026-09,It’s Getting Worse,true,false,,,1282,334,,only_paid,archive_api
substack,substack:thebulwark,215153466,https://www.thebulwark.com/p/receipts-live-diesel-prices-soar,2026-09-11T18:10:59.899Z,2026-09,"Receipts Live: Diesel Prices Soar to $6 a Gallon, Inflation Outpaces Wages",true,false,,,631,134,,only_paid,archive_api
substack,substack:thebulwark,215109913,https://www.thebulwark.com/p/sometimes-terrorism-works-hardest-lesson-september-11th,2026-09-11T17:08:11.900Z,2026-09,Sometimes Terrorism Works,true,false,,,1110,438,,only_paid,archive_api
substack,substack:thebulwark,215181397,https://www.thebulwark.com/p/daysi-gonzalez-helping-democrats-take-back-congress-trump-tps-self-deport,2026-09-11T14:35:29.670Z,2026-09,She’s Helping Dems Take Back Congress. Trump Is Forcing Her to Self-Deport.,false,false,,,625,60,,everyone,archive_api
substack,substack:thebulwark,215213254,https://www.thebulwark.com/p/out-of-gas-out-of-ideas-out-of-time-trump-vance-midterm-convention-republicans-gop-polling,2026-09-11T13:27:06.015Z,2026-09,Out of Gas. Out of Ideas. Out of Time.,false,false,,,1061,387,,everyone,archive_api
substack,substack:thebulwark,215161993,https://www.thebulwark.com/p/exclusive-the-republican-who-renounced-big-lie-maga-crawling-back-jason-richey,2026-09-11T06:33:54.693Z,2026-09,EXCLUSIVE: The Republican Who Renounced the Big Lie—and Then Came Crawling Back,true,false,,,90,7,,only_paid,archive_api
substack,substack:thebulwark,215118458,https://www.thebulwark.com/p/stephen-millers-wife-has-some-explaining,2026-09-11T03:50:00.201Z,2026-09,Stephen Miller’s Wife Has Some Explaining to Do,true,false,,,677,41,,only_paid,archive_api
substack,substack:thebulwark,215112920,https://www.thebulwark.com/p/tim-miller-and-co-live-coverage-of,2026-09-11T03:15:08.624Z,2026-09,Tim Miller and Co: Live Coverage of Vance's Midterm Convention Speech,true,false,,,674,96,,only_paid,archive_api
substack,substack:thebulwark,215112207,https://www.thebulwark.com/p/trump-5000-dividend-checks-vaporware,2026-09-10T22:54:43.083Z,2026-09,"Trump’s $5,000 Midterm Ploy Is Even Dumber Than It Sounds",false,false,,,978,252,,everyone,archive_api
substack,substack:thebulwark,215098437,https://www.thebulwark.com/p/how-the-right-came-to-embrace-anti-muslim-bigotry-september-11-trump-maga-republicans,2026-09-10T21:11:45.984Z,2026-09,How the Right Came to Embrace Anti-Muslim Bigotry,false,false,,,121,44,,everyone,archive_api
substack,substack:thebulwark,215093546,https://www.thebulwark.com/p/sarah-longwell-and-pedro-gonzalez,2026-09-10T20:17:14.650Z,2026-09,Sarah Longwell and Pedro Gonzalez: Meet the Young MAGA Edgelords—and the One Who Got Away,true,false,,,767,483,,only_paid,archive_api
substack,substack:thebulwark,215060990,https://www.thebulwark.com/p/trumpflation-hits-maga-merch-campaign-swag-republican,2026-09-10T19:01:09.396Z,2026-09,Trumpflation Hits MAGA Merch,true,false,,,518,68,,only_paid,archive_api
substack,substack:thebulwark,214951718,https://www.thebulwark.com/p/trump-wants-to-take-the-guardrails,2026-09-10T17:48:25.770Z,2026-09,Trump Wants to Take the Guardrails Off AI. What Could Go Wrong?,true,false,,,316,127,,only_paid,archive_api
substack,substack:thebulwark,215035281,https://www.thebulwark.com/p/democrats-should-embrace-the-5000-dollar-trillion-trump-dividend-and-all-its-bs,2026-09-10T16:45:45.367Z,2026-09,Democrats Should Embrace the Trump Dividend and All Its Bullsh*t,true,false,,,1436,694,,only_paid,archive_api
substack,substack:thebulwark,214960892,https://www.thebulwark.com/p/maga-thursdays-laura-loomer-is-picking,2026-09-10T15:51:14.663Z,2026-09,MAGA Thursdays: Laura Loomer Is Picking Fights at Trump’s MAGA Convention,true,false,,,655,149,,only_paid,archive_api
substack,substack:thebulwark,215059498,https://www.thebulwark.com/p/maga-influencer-matt-tardio-defense-antifa-got-me-high,2026-09-10T15:36:00.317Z,2026-09,MAGA Influencer’s Defense: Antifa Got Me High,true,false,,,690,100,,only_paid,archive_api
substack,substack:thebulwark,215037325,https://www.thebulwark.com/p/dying-inside-in-dallas-gop-midterm-convention-trump-scott-paxton-markwayne-mullin-dhs-ice-pierre-damas-bel-springfield-haitians,2026-09-10T13:46:09.023Z,2026-09,Dying Inside In Dallas,false,false,,,1119,327,,everyone,archive_api
substack,substack:thebulwark,214980078,https://www.thebulwark.com/p/the-cia-director-is-a-failure-ratcliffe-trump-russia-investigation-china-2016-2020-elections-votes-boats-caribbean,2026-09-10T09:30:51.482Z,2026-09,The CIA Director Is a Failure,false,false,,,269,,,everyone,archive_api
substack,substack:thebulwark,214770197,https://www.thebulwark.com/p/sarah-longwells-message-for-everyone,2026-09-10T04:35:43.307Z,2026-09,Sarah Longwell's Message for Everyone Who Thinks We’re Doomed (w/ Andrew Weissmann),true,false,,,1416,201,,only_paid,archive_api
substack,substack:thebulwark,214942470,https://www.thebulwark.com/p/live-coverage-of-trumps-midterm-convention,2026-09-10T04:28:30.418Z,2026-09,Live Coverage of Trump's Midterm Convention Speech,true,false,,,747,114,,only_paid,archive_api
substack,substack:thebulwark,214940994,https://www.thebulwark.com/p/steve-witkoffs-groveling-to-putin,2026-09-09T22:13:46.701Z,2026-09,Steve Witkoff’s Groveling to Putin Was Painful to Watch (w/ Michael Weiss),true,false,,,577,71,,only_paid,archive_api
substack,substack:thebulwark,214946649,https://www.thebulwark.com/p/democrats-dnc-to-trump-please-sir-the-stage-is-yours-trumpapalooza-republican-midterm-convention-dallas,2026-09-09T21:33:34.496Z,2026-09,"Dems to Trump: Please, Sir, the Stage Is Yours",false,false,,,648,43,,everyone,archive_api
substack,substack:thebulwark,214927949,https://www.thebulwark.com/p/jessica-tarlov-potus-needs-some-moral,2026-09-09T19:30:03.928Z,2026-09,Jessica Tarlov: POTUS Needs Some Moral Support ,true,false,,,972,229,,only_paid,archive_api
substack,substack:thebulwark,214829820,https://www.thebulwark.com/p/trump-mail-in-voting-courts,2026-09-09T17:45:27.312Z,2026-09,Trump Wants the Mailman Checking Your Ballot,false,false,,,156,11,,everyone,archive_api
substack,substack:thebulwark,213913230,https://www.thebulwark.com/p/theres-something-about-sarah-longwell,2026-09-09T16:42:43.238Z,2026-09,There’s Something About Sarah,false,false,,,2839,880,,everyone,archive_api
substack,substack:thebulwark,214829307,https://www.thebulwark.com/p/command-post-more-iran-attacks-oil,2026-09-09T15:41:33.909Z,2026-09,"Command Post: More Iran Attacks, Oil Problems Worsen, Tanker-for-Tanker Strategy",true,false,,,503,50,,only_paid,archive_api
substack,substack:thebulwark,214876741,https://www.thebulwark.com/p/our-orange-napoleon-wants-a-big-arch-arlington-memorial-trump-burgum-ai-openai-anthropic-extinction-risk-911-september-11-canada-trade-war,2026-09-09T13:22:06.609Z,2026-09,Our Orange Napoleon Wants a Big Arch,false,false,,,941,465,,everyone,archive_api
substack,substack:thebulwark,214832738,https://www.thebulwark.com/p/hope-movie-review,2026-09-09T07:51:49.845Z,2026-09,‘Hope’ Review,false,false,,,78,8,,everyone,archive_api
substack,substack:thebulwark,214801845,https://www.thebulwark.com/p/trumps-big-midterm-convention-is,2026-09-09T00:39:44.295Z,2026-09,Trump’s Big Midterm Convention Is Already Looking Like a Flop,true,false,,,684,93,,only_paid,archive_api
substack,substack:thebulwark,214799757,https://www.thebulwark.com/p/trumps-imaginary-presidency-is-going,2026-09-08T23:13:43.118Z,2026-09,Trump’s Imaginary Presidency Is Going Just Great,true,false,,,1743,416,,only_paid,archive_api
substack,substack:thebulwark,214789715,https://www.thebulwark.com/p/marco-rubio-punishing-a-teenage-boy-for-grandmother-sins-maryam-tahmasebi,2026-09-08T21:02:55.613Z,2026-09,Marco Rubio Is Punishing a Teenage Boy for His Grandmother’s Sins,false,false,,,1542,225,,everyone,archive_api
substack,substack:thebulwark,214772302,https://www.thebulwark.com/p/adam-jentleson-and-pablo-torre-this,2026-09-08T19:58:44.956Z,2026-09,Adam Jentleson and Pablo Torre: This Country Is Being Scammed,true,false,,,493,192,,only_paid,archive_api
substack,substack:thebulwark,214718666,https://www.thebulwark.com/p/speaker-mike-johnson-wants-you-to-grade-the-house-gop-republican-119th-congress-on-a-curve,2026-09-08T19:18:55.389Z,2026-09,Mike Johnson Wants You to Grade the House GOP on a Curve,false,false,,,572,46,,everyone,archive_api
substack,substack:thebulwark,214708068,https://www.thebulwark.com/p/ze-alternative-fur-america,2026-09-08T16:30:43.299Z,2026-09,Ze Alternative für America,true,false,,,1251,655,,only_paid,archive_api
substack,substack:thebulwark,214469806,https://www.thebulwark.com/p/a-letter-to-myself-on-911-september-11-world-trade-center-pentagon-al-qaeda-afghanistan-iraq-anniversary-war-terror,2026-09-08T16:28:18.918Z,2026-09,A Letter to Myself on 9/11,false,false,,,2157,279,,everyone,archive_api
substack,substack:thebulwark,214636858,https://www.thebulwark.com/p/morning-shots-live-trump-spent-the,2026-09-08T15:11:41.620Z,2026-09,Morning Shots Live: Trump Spent the Weekend Posting Truly Unhinged Stuff,true,false,,,624,69,,only_paid,archive_api
substack,substack:thebulwark,214657413,https://www.thebulwark.com/p/the-three-issues-souring-trump-voters-focus-group,2026-09-08T14:46:06.376Z,2026-09,The Three Issues Souring Trump Voters on Trump,true,false,,,1018,311,,only_paid,archive_api
substack,substack:thebulwark,214718451,https://www.thebulwark.com/p/trump-wants-to-exhaust-us-hes-failing-midterms-polls-truth-social-media-no-kings-approval-rating,2026-09-08T13:28:49.308Z,2026-09,Trump Wants to Exhaust Us. He’s Failing.,false,false,,,940,334,,everyone,archive_api
substack,substack:thebulwark,214177356,https://www.thebulwark.com/p/bill-kristol-labor-day-draft,2026-09-07T19:01:40.858Z,2026-09,Bill Kristol: Trump Is Turning a Bad Midterm Into a Republican Catastrophe,true,false,,,1307,346,,only_paid,archive_api
substack,substack:thebulwark,214481849,https://www.thebulwark.com/p/i-cant-believe-its-almost-here,2026-09-07T12:58:43.923Z,2026-09,I can’t believe it’s almost here. ,false,false,,,821,264,,everyone,archive_api
substack,substack:thebulwark,143315490,https://www.thebulwark.com/p/labor-day-how-political-and-economic-freedom-are-linked,2026-09-07T06:00:00.803Z,2026-09,Labor Day: How Political and Economic Freedom Are Linked,false,false,,,245,12,,everyone,archive_api
substack,substack:thebulwark,172461756,https://www.thebulwark.com/p/labor-day-the-march-of-the-mill-children-mother-jones,2026-09-07T05:45:00.467Z,2026-09,Labor Day: ‘The March of the Mill Children’,false,false,,,231,38,,everyone,archive_api
substack,substack:thebulwark,143315491,https://www.thebulwark.com/p/labor-day-building-breaking-rebuilding,2026-09-07T05:20:00.080Z,2026-09,"Labor Day: ‘Building, Breaking, Rebuilding’",false,false,,,108,,,everyone,archive_api
substack,substack:thebulwark,214493384,https://www.thebulwark.com/p/kash-patels-embarrassing-video-botches,2026-09-06T23:57:25.590Z,2026-09,Kash Patel’s Embarrassing Video Botches the Name of the FBI,true,false,,,1289,172,,only_paid,archive_api
substack,substack:thebulwark,214494130,https://www.thebulwark.com/p/what-south-carolina-democrats-really-think-about-california-governor-gavin-newsom-2028,2026-09-06T23:47:51.261Z,2026-09,What South Carolina Dems Really Think of Newsom,true,false,,,523,153,,only_paid,archive_api
substack,substack:thebulwark,214226767,https://www.thebulwark.com/p/trumps-ballroom-obsession-has-gone,2026-09-06T20:55:42.655Z,2026-09,Reporter Spends 90 Minutes With Trump. It Gets WEIRD. (w/ Ben Terris),true,false,,,1547,140,,only_paid,archive_api
substack,substack:thebulwark,214327705,https://www.thebulwark.com/p/revealing-the-bulwarks-secret-origin,2026-09-06T17:44:11.295Z,2026-09,Sarah Longwell: Trump’s Failures Give Democrats a Once-in-a-Generation Opening | Bulwark on Sunday,false,false,,,1355,220,,everyone,archive_api
substack,substack:thebulwark,214388784,https://www.thebulwark.com/p/rfk-jr-sickening-measles-victory-lap-pennsylvania,2026-09-06T12:31:22.945Z,2026-09,RFK Jr.’s Sickening Measles Victory Lap,true,false,,,820,127,,only_paid,archive_api
substack,substack:thebulwark,214308515,https://www.thebulwark.com/p/trump-is-wrecking-his-own-agendaand,2026-09-05T23:58:41.510Z,2026-09,Trump Is Wrecking His Own Agenda—and for What?,true,false,,,316,273,,only_paid,archive_api
substack,substack:thebulwark,214337754,https://www.thebulwark.com/p/fox-news-fires-maria-bartiromo-after,2026-09-05T19:31:05.545Z,2026-09,Fox News FIRES Maria Bartiromo After She Secretly Helped Trump,true,false,,,1497,187,,only_paid,archive_api
substack,substack:thebulwark,214059255,https://www.thebulwark.com/p/the-gop-is-mia-in-north-carolina,2026-09-05T10:00:57.714Z,2026-09,The GOP is MIA in North Carolina (with Chris Cooper),true,false,,,730,86,,only_paid,archive_api
substack,substack:thebulwark,214221663,https://www.thebulwark.com/p/breaking-trump-says-18-deaths-are,2026-09-04T22:08:53.349Z,2026-09,BREAKING: Trump Says 18 Deaths Are “Small Potatoes” | Command Post,true,false,,,801,100,,only_paid,archive_api
substack,substack:thebulwark,214211410,https://www.thebulwark.com/p/gloria-steinem-19342026,2026-09-04T20:24:04.248Z,2026-09,"Gloria Steinem, 1934–2026",false,false,,,149,40,,everyone,archive_api
substack,substack:thebulwark,214193202,https://www.thebulwark.com/p/david-french-maga-is-making-america,2026-09-04T19:14:30.589Z,2026-09,David French: MAGA Is Making America Less Free,true,false,,,1090,241,,only_paid,archive_api
substack,substack:thebulwark,214037686,https://www.thebulwark.com/p/will-republicans-save-the-film-industry,2026-09-04T19:09:06.703Z,2026-09,Will Republicans Save the Film Industry?,false,false,,,287,12,,everyone,archive_api
substack,substack:thebulwark,214172206,https://www.thebulwark.com/p/the-senators-who-suck,2026-09-04T18:42:16.457Z,2026-09,The Senators Who Suck,true,false,,,1784,667,,only_paid,archive_api
substack,substack:thebulwark,214096406,https://www.thebulwark.com/p/breaking-trump-misreads-jobs-report,2026-09-04T17:37:03.779Z,2026-09,"BREAKING: Trump Misreads Jobs Report, Threatens To Cut Off Trade | Receipts Live",true,false,,,758,104,,only_paid,archive_api
substack,substack:thebulwark,214125888,https://www.thebulwark.com/p/the-maga-world-incentives-that-have-saved-max-miller,2026-09-04T16:30:42.869Z,2026-09,The MAGA World Incentives That Have Saved Max Miller,false,false,,,1213,383,,everyone,archive_api
substack,substack:thebulwark,214121515,https://www.thebulwark.com/p/trump-took-his-status-ice-dignity-ankle-monitor-pierre-damas-bel-haiti-tps,2026-09-04T14:45:37.667Z,2026-09,Trump Took His Status. ICE Took His Dignity. He Took His Life.,false,false,,,887,152,,everyone,archive_api
substack,substack:thebulwark,214150409,https://www.thebulwark.com/p/iran-war-vance-hormuz-briefing-excursion-prices-labor-day-inflation-jobs-wages,2026-09-04T13:23:29.008Z,2026-09,Iran War? What Iran War?,false,false,,,853,258,,everyone,archive_api
substack,substack:thebulwark,214016597,https://www.thebulwark.com/p/a-witness-to-film-history-godfrey-cheshire,2026-09-04T10:03:15.298Z,2026-09,A Witness to Film History,false,false,,,42,4,,everyone,archive_api
substack,substack:thebulwark,214085989,https://www.thebulwark.com/p/europe-gold-fled-the-nazis-now-its-fleeing-trump,2026-09-04T00:24:10.333Z,2026-09,Europe’s Gold Fled the Nazis. Now It’s Fleeing Trump.,true,false,,,1216,183,,only_paid,archive_api
substack,substack:thebulwark,214063300,https://www.thebulwark.com/p/vice-president-jd-vance-called-abdul-el-sayed-evil-he-is-one-to-talk,2026-09-03T21:52:49.876Z,2026-09,JD Vance Called Abdul El-Sayed ‘Evil.’ He’s One to Talk.,false,false,,,171,62,,everyone,archive_api
substack,substack:thebulwark,214054966,https://www.thebulwark.com/p/trump-is-begging-ken-paxton-to-fix,2026-09-03T21:41:21.818Z,2026-09,Trump Is BEGGING Ken Paxton to Fix His Look,true,false,,,545,50,,only_paid,archive_api
substack,substack:thebulwark,214062631,https://www.thebulwark.com/p/even-fox-news-wont-hide-the-truth,2026-09-03T21:03:32.884Z,2026-09,Even Fox News Won’t Hide the Truth About Trump’s Grotesque Oil Deal,true,false,,,464,59,,only_paid,archive_api
substack,substack:thebulwark,214051005,https://www.thebulwark.com/p/jonathan-v-last-how-much-stupid-can,2026-09-03T19:50:27.308Z,2026-09,Jonathan V. Last: How Much Stupid Can We Possibly Take?,true,false,,,1649,629,,only_paid,archive_api
substack,substack:thebulwark,213764644,https://www.thebulwark.com/p/pennsylvania-republicans-were-toast,2026-09-03T19:06:12.737Z,2026-09,Pennsylvania Republicans: We’re Toast,false,false,,,638,44,,everyone,archive_api
substack,substack:thebulwark,214023539,https://www.thebulwark.com/p/whistleblower-exposes-trumps-election,2026-09-03T16:41:09.598Z,2026-09,John Roberts Sounded the Alarm on Trump’s Illegal Ballroom (w/ George Conway),true,false,,,1312,198,,only_paid,archive_api
substack,substack:thebulwark,214003668,https://www.thebulwark.com/p/pete-hegseth-the-bed-again,2026-09-03T16:26:58.450Z,2026-09,Pete Hegseth 💩 the Bed Again,true,false,,,1949,648,,only_paid,archive_api
substack,substack:thebulwark,214019713,https://www.thebulwark.com/p/murder-for-hire-plot-rocking-maga-trump-brad-parscale-bolivia-fernando-cerimedo,2026-09-03T15:06:59.431Z,2026-09,The Murder-for-Hire Plot Rocking MAGA Land,true,false,,,944,96,,only_paid,archive_api
substack,substack:thebulwark,214001381,https://www.thebulwark.com/p/when-you-control-the-mail-you-control-the-nation-midterm-elections-trump-convention-texas-ads-spending,2026-09-03T13:27:35.121Z,2026-09,"When You Control the Mail, You Control the Nation",false,false,,,860,371,,everyone,archive_api
substack,substack:thebulwark,213949186,https://www.thebulwark.com/p/trumps-election-crackdown-has-a-problem,2026-09-03T12:56:00.078Z,2026-09,Trump’s Election Crackdown Has a Problem: Voters Are Fighting Back,true,false,,,333,52,,only_paid,archive_api
substack,substack:thebulwark,213969825,https://www.thebulwark.com/p/wendell-berry-1934-2026-rip-remembrance,2026-09-03T07:15:13.093Z,2026-09,"Wendell Berry, 1934–2026",false,false,,,143,10,,everyone,archive_api
substack,substack:thebulwark,213966560,https://www.thebulwark.com/p/trump-is-keeping-venezuela-dictatorship-in-business-oil-deal-delcy-rodriguez,2026-09-03T06:22:24.838Z,2026-09,Trump Is Keeping Venezuela’s Dictatorship in Business,false,false,,,169,23,,everyone,archive_api
substack,substack:thebulwark,213936333,https://www.thebulwark.com/p/trump-republicans-data-centers,2026-09-03T00:14:54.164Z,2026-09,Trump Hands Dems Their Best Gift Yet,false,false,,,680,106,,everyone,archive_api
substack,substack:thebulwark,213922811,https://www.thebulwark.com/p/maga-pollster-thinks-texas-ohio-and,2026-09-02T22:33:13.350Z,2026-09,"MAGA Pollster Thinks Texas, Ohio and Even KANSAS Could Turn Blue (w/ Rich Baris)",true,false,,,1216,262,,only_paid,archive_api
substack,substack:thebulwark,213903414,https://www.thebulwark.com/p/ex-cia-officer-scott-bessent-just,2026-09-02T21:31:01.176Z,2026-09,Ex-CIA Officer: Scott Bessent Just Gave Putin One Hell of a Talking Point (w/ Marc Polymeropoulos),true,false,,,502,82,,only_paid,archive_api
substack,substack:thebulwark,213906143,https://www.thebulwark.com/p/michael-weiss-the-clown-car-at-the,2026-09-02T19:56:47.824Z,2026-09,Michael Weiss: The Clown Car at the Pentagon,true,false,,,769,163,,only_paid,archive_api
substack,substack:thebulwark,213874814,https://www.thebulwark.com/p/follow-the-receipts,2026-09-02T18:35:22.257Z,2026-09,Follow the Receipts,false,false,,,369,40,,everyone,archive_api
substack,substack:thebulwark,213638299,https://www.thebulwark.com/p/trump-just-did-an-ibgybg,2026-09-02T16:39:31.130Z,2026-09,Trump Just Did an IBGYBG,true,false,,,1626,472,,only_paid,archive_api
substack,substack:thebulwark,213768339,https://www.thebulwark.com/p/command-post-hegseths-generals-gave,2026-09-02T15:55:33.923Z,2026-09,Command Post: Hegseth’s Generals Gave Him a Dire Warning About the Iran War,true,false,,,586,81,,only_paid,archive_api
substack,substack:thebulwark,213852763,https://www.thebulwark.com/p/mike-johnson-wet-noodle-trump-congress-midterms-haitian-immigrants-tps-pierre-damas-bel,2026-09-02T13:30:00.468Z,2026-09,"Mike Johnson, Wet Noodle",false,false,,,941,348,,everyone,archive_api
substack,substack:thebulwark,213715451,https://www.thebulwark.com/p/dont-look-now-but-the-tech-bros-are-losing-nerd-reich-gil-duran-review,2026-09-02T06:56:06.540Z,2026-09,"Don’t Look Now, But the Tech Bros Are Losing",false,false,,,219,38,,everyone,archive_api
substack,substack:thebulwark,213799872,https://www.thebulwark.com/p/what-we-did-to-this-20-year-old-is,2026-09-02T03:34:48.096Z,2026-09,What We Did to This 20-Year-Old Is Unforgivable,true,false,,,1124,213,,only_paid,archive_api
substack,substack:thebulwark,213787303,https://www.thebulwark.com/p/abdul-el-sayed-asks-michigan-jewish-democrats-forgiveness,2026-09-02T00:16:19.328Z,2026-09,"10 Jews, 1,000 Opinions, 1 Abdul El-Sayed",true,false,,,564,426,,only_paid,archive_api
substack,substack:thebulwark,213781452,https://www.thebulwark.com/p/this-story-has-democratic-insiders,2026-09-01T23:52:44.559Z,2026-09,This Story Has Democratic Insiders Going NUTS,true,false,,,414,112,,only_paid,archive_api
substack,substack:thebulwark,213774858,https://www.thebulwark.com/p/ken-paxton-is-running-one-of-the,2026-09-01T22:53:29.162Z,2026-09,Ken Paxton Is Running One of the Worst Campaigns in America,true,false,,,1555,441,,only_paid,archive_api
substack,substack:thebulwark,213747031,https://www.thebulwark.com/p/ruby-cramer-the-power-of-maha,2026-09-01T19:31:21.542Z,2026-09,Ruby Cramer: The Power of MAHA,true,false,,,438,125,,only_paid,archive_api
substack,substack:thebulwark,213604271,https://www.thebulwark.com/p/sorry-mr-president-i-have-a-thing-republican-midterm-convention-trumpapalooza-dallas-gop,2026-09-01T19:10:40.726Z,2026-09,"Sorry, Mr. President. I Have a Thing.",false,false,,,800,76,,everyone,archive_api
substack,substack:thebulwark,213531123,https://www.thebulwark.com/p/lake-america-and-the-dogma-of-trumpism,2026-09-01T16:30:50.390Z,2026-09,Lake America and the Dogma of Trumpism,true,false,,,1376,764,,only_paid,archive_api
substack,substack:thebulwark,213638873,https://www.thebulwark.com/p/morning-shots-live-army-secretary,2026-09-01T15:35:42.229Z,2026-09,Morning Shots Live: Army Secretary Resigns After Warning Trump About Hegseth,true,false,,,646,103,,only_paid,archive_api
substack,substack:thebulwark,213705554,https://www.thebulwark.com/p/tiktok-censorship-ice-carlos-eduardo-espina-community-reinstated,2026-09-01T15:10:39.999Z,2026-09,Top Dem Influencer: TikTok Censored My Anti-ICE Posts,true,false,,,428,37,,only_paid,archive_api
substack,substack:thebulwark,213544036,https://www.thebulwark.com/p/we-found-her-the-most-absurd-general-election-candidate-te-brown-illinois-florida-congress-fraud-primary-election-putin-whale-orca-polar-bear-russia-ukraine,2026-09-01T13:55:15.935Z,2026-09,We Found Her: The Most Absurd General-Election Candidate in America,false,false,,,862,199,,everyone,archive_api
substack,substack:thebulwark,213642522,https://www.thebulwark.com/p/leaks-from-hegseth-orders-book-warning-risk-iran-war-hormuz-military-commanders-munitions,2026-09-01T08:18:40.019Z,2026-09,The Leaks from Hegseth’s ‘Book’ Are a Warning,false,false,,,689,94,,everyone,archive_api
substack,substack:thebulwark,213637224,https://www.thebulwark.com/p/jd-vances-latest-speech-sends-tim,2026-09-01T00:45:01.797Z,2026-09,JD Vance’s Latest Speech Sends Tim Miller Over the Edge,true,false,,,1900,173,,only_paid,archive_api
substack,substack:thebulwark,213624875,https://www.thebulwark.com/p/maga-celebrating-milo-yiannopoulos-deportation,2026-09-01T00:00:21.219Z,2026-09,Why MAGA Is Celebrating Milo’s Deportation,false,false,,,701,123,,everyone,archive_api
substack,substack:thebulwark,213621569,https://www.thebulwark.com/p/the-president-is-posting-fake-bombings,2026-08-31T23:51:25.366Z,2026-08,The President Is Posting Fake Bombings and Threatening Allies,true,false,,,560,128,,only_paid,archive_api
substack,substack:thebulwark,213589465,https://www.thebulwark.com/p/bill-kristol-keep-up-the-pressure,2026-08-31T19:30:18.158Z,2026-08,Trump Took the Bait and Walked Straight Into the Data Center Backlash (with Bill Kristol) ,true,false,,,1229,246,,only_paid,archive_api
substack,substack:thebulwark,213488131,https://www.thebulwark.com/p/maga-mondays-maga-influencers-secretly,2026-08-31T15:15:16.931Z,2026-08,MAGA Mondays: MAGA Influencers Secretly Working for the Pentagon,true,false,,,739,99,,only_paid,archive_api
substack,substack:thebulwark,193568757,https://www.thebulwark.com/p/the-cruelty-comes-to-springfield-haitians-ohio-ice-deportations-ankle-monitors-christian-church-tps,2026-08-31T13:29:04.634Z,2026-08,The Cruelty Comes to Springfield,false,false,,,959,301,,everyone,archive_api
substack,substack:thebulwark,213170109,https://www.thebulwark.com/p/the-dsa-and-the-real-lessons-of-scandinavian-socialism-sweden-mamdani-ocasio-cortez-sanders-franklin-roosevelt-fdr-capitalism-taxes,2026-08-31T08:11:15.479Z,2026-08,The DSA and the Real Lessons of Scandinavian ‘Socialism’,false,true,3469,,179,192,,everyone,posts_api
substack,substack:thebulwark,213452129,https://www.thebulwark.com/p/2028-democratic-presidential-primary-is-quietly-raging-staffers,2026-08-30T23:01:40.338Z,2026-08,The 2028 Democratic Primary Is Quietly Raging,true,false,,,525,143,,only_paid,archive_api
substack,substack:thebulwark,213464149,https://www.thebulwark.com/p/trump-wants-the-fcc-to-punish-kristen,2026-08-30T22:34:15.184Z,2026-08,Trump Wants the FCC to “Punish” Kristen Welker for Telling the Truth,true,false,,,664,95,,only_paid,archive_api
substack,substack:thebulwark,213064865,https://www.thebulwark.com/p/politicians-loved-data-centers-now,2026-08-30T18:36:22.361Z,2026-08,Politicians Loved Data Centers. Now They’re Running Away From Them. (w/ Nathaniel Rich),true,false,,,432,56,,only_paid,archive_api
substack,substack:intrinsicperspective,214194934,https://www.theintrinsicperspective.com/p/humanitys-flight-93-moment,2026-09-15T12:04:57.317Z,2026-09,Humanity’s Flight 93 Moment,false,true,2737,,225,114,,everyone,posts_api
substack,substack:intrinsicperspective,214563044,https://www.theintrinsicperspective.com/p/culture-becomes-a-dark-forest,2026-09-09T12:58:46.102Z,2026-09,Culture Becomes a Dark Forest,false,false,,,434,43,,everyone,archive_api
substack,substack:intrinsicperspective,170936482,https://www.theintrinsicperspective.com/p/buying-a-house-as-a-mid-century-modern,2026-08-21T14:15:28.202Z,2026-08,Buying a house as a mid-century modern midwit,true,false,,,87,8,,only_paid,archive_api
substack,substack:intrinsicperspective,207996239,https://www.theintrinsicperspective.com/p/goodbye-slopstack-also-a-50000-essayfiction,2026-07-24T14:48:13.182Z,2026-07,"Goodbye Slopstack! Also, a $50,000 essay/fiction contest, adversarial consciousness tech, & more",false,true,2200,,131,40,,everyone,posts_api
substack,substack:intrinsicperspective,206190198,https://www.theintrinsicperspective.com/p/anthropic-runs-like-wile-e-coyote,2026-07-13T16:34:01.814Z,2026-07,Anthropic runs like Wile E. Coyote into the brick wall of consciousness research,false,false,,,170,47,,everyone,archive_api
substack,substack:intrinsicperspective,201378557,https://www.theintrinsicperspective.com/p/screentime-correlates-more-with-kids,2026-06-23T14:37:08.924Z,2026-06,Screentime correlates more with kids' brains than IQ; Matt Yglesias gets Dan Dennett wrong; Why literary fiction awards keep falling for AI scams; & more,true,false,,,79,9,,only_paid,archive_api
substack,substack:intrinsicperspective,200027605,https://www.theintrinsicperspective.com/p/dont-dethrone-consciousness,2026-06-05T14:35:09.002Z,2026-06,Don't dethrone consciousness!,false,false,,,258,64,,everyone,archive_api
substack,substack:intrinsicperspective,198854887,https://www.theintrinsicperspective.com/p/dumbo-could-already-fly,2026-05-23T12:28:22.660Z,2026-05,But Dumbo could already fly?,false,true,2037,,173,48,,everyone,posts_api
substack,substack:intrinsicperspective,195226776,https://www.theintrinsicperspective.com/p/we-consciousness-researchers-have,2026-04-29T15:57:43.273Z,2026-04,We consciousness researchers have failed you,false,false,,,300,123,,everyone,archive_api
substack,substack:intrinsicperspective,192087901,https://www.theintrinsicperspective.com/p/ivf-epigenetic-damage-gets-worse,2026-04-02T15:32:16.621Z,2026-04,"IVF epigenetic damage gets worse across generations; The next Project Hail Mary; AI's ""odorless"" math proofs; Waymo at 100% human oversight? & more",true,false,,,83,25,,only_paid,archive_api
substack,substack:intrinsicperspective,191433705,https://www.theintrinsicperspective.com/p/hubris,2026-03-19T15:35:27.126Z,2026-03,Hubris,false,true,927,,119,20,,everyone,posts_api
substack,substack:intrinsicperspective,190614724,https://www.theintrinsicperspective.com/p/rip-dan-simmons-why-werent-you-more,2026-03-13T14:41:36.219Z,2026-03,RIP Dan Simmons. Why weren't you more famous?,true,false,,,192,10,,only_paid,archive_api
substack,substack:intrinsicperspective,186790657,https://www.theintrinsicperspective.com/p/bits-in-bits-out,2026-03-05T17:04:15.536Z,2026-03,"Bits In, Bits Out",false,false,,,607,82,,everyone,archive_api
substack,substack:intrinsicperspective,186508465,https://www.theintrinsicperspective.com/p/my-new-org-to-solve-consciousness,2026-02-05T16:24:16.880Z,2026-02,"My New Org to Solve Consciousness (or Die Trying); A Rogue AI Community That Wasn't; David Foster Wallace Is Still Right; Cow Tools Are Real, & More",true,false,,,80,6,,only_paid,archive_api
substack,substack:intrinsicperspective,185792072,https://www.theintrinsicperspective.com/p/it-only-snows-like-this-for-children,2026-01-26T15:18:23.318Z,2026-01,It only snows like this for children,false,true,1171,,169,23,,everyone,posts_api
substack,substack:intrinsicperspective,183813754,https://www.theintrinsicperspective.com/p/proving-literally-that-chatgpt-isnt,2026-01-15T15:43:24.040Z,2026-01,Proving (literally) that ChatGPT isn't conscious,false,false,,,276,154,,everyone,archive_api
substack,substack:intrinsicperspective,167375824,https://www.theintrinsicperspective.com/p/how-kids-actually-get-good-at-math,2025-12-19T16:20:43.371Z,2025-12,How Kids Actually Get Good at Math in America,true,false,,,152,43,,only_paid,archive_api
substack,substack:intrinsicperspective,148555347,https://www.theintrinsicperspective.com/p/our-overfitted-century,2025-12-08T16:54:29.911Z,2025-12,Our overfitted century,false,true,3373,,761,129,,everyone,posts_api
substack,substack:intrinsicperspective,178972414,https://www.theintrinsicperspective.com/p/pluribus-and-our-age-of-hive-minds,2025-11-18T15:46:55.232Z,2025-11,Pluribus and Our Age of Hive Minds,true,false,,,68,4,,only_paid,archive_api
substack,substack:intrinsicperspective,178103978,https://www.theintrinsicperspective.com/p/john-von-neumann-shot-lightning-from,2025-11-12T17:05:04.161Z,2025-11,John von Neumann Shot Lightning From His Arse,false,false,,,394,96,,everyone,archive_api
substack,substack:lennysnewsletter,216168140,https://www.lennysnewsletter.com/p/advanced-evals-how-to-find-and-fix,2026-09-22T12:45:14.998Z,2026-09,Advanced evals: How to find (and fix) hidden AI failures in your product,true,false,,,293,2,,only_paid,archive_api
substack,substack:lennysnewsletter,214360366,https://www.lennysnewsletter.com/p/60-creative-growth-ideas,2026-09-15T12:45:28.445Z,2026-09,60+ new creative growth ideas,true,false,,,402,6,,only_paid,archive_api
substack,substack:lennysnewsletter,213056760,https://www.lennysnewsletter.com/p/how-to-turn-your-ai-into-a-world,2026-09-01T12:45:59.568Z,2026-09,How to turn your AI into a world-class designer,true,false,,,1026,20,,only_paid,archive_api
substack,substack:lennysnewsletter,212023427,https://www.lennysnewsletter.com/p/how-to-figure-out-your-next-career,2026-08-25T13:04:15.691Z,2026-08,How to figure out your next career move,true,false,,,494,1,,only_paid,archive_api
substack,substack:lennysnewsletter,208730073,https://www.lennysnewsletter.com/p/announcing-lennys-jobs-the-best-place,2026-08-18T15:40:06.921Z,2026-08,"Announcing Lenny’s Jobs: The best place in the world to find, vet, and land your dream job",false,true,933,,378,18,,everyone,posts_api
substack,substack:lennysnewsletter,210403546,https://www.lennysnewsletter.com/p/how-to-make-people-care-about-your,2026-08-11T13:31:07.993Z,2026-08,How to make people care about your startup,true,false,,,449,7,,only_paid,archive_api
substack,substack:lennysnewsletter,209417296,https://www.lennysnewsletter.com/p/what-if-youre-not-supposed-to-have,2026-08-04T13:02:53.052Z,2026-08,What if you’re not supposed to have a long-term plan?,true,false,,,507,12,,only_paid,archive_api
substack,substack:lennysnewsletter,207842013,https://www.lennysnewsletter.com/p/productpass-summer2026launch,2026-07-28T15:54:24.972Z,2026-07,"11 products I love, free for a year—the biggest Product Pass expansion in 2 years",false,false,,,349,17,,everyone,archive_api
substack,substack:lennysnewsletter,207182275,https://www.lennysnewsletter.com/p/how-to-take-a-sabbatical,2026-07-21T12:45:10.123Z,2026-07,Why a sabbatical can change everything,true,false,,,461,5,,only_paid,archive_api
substack,substack:lennysnewsletter,195557892,https://www.lennysnewsletter.com/p/how-tech-workers-are-feeling-in-2026,2026-07-07T13:04:22.732Z,2026-07,How tech workers are feeling in 2026: a workforce splitting in two,true,false,,,625,15,,only_paid,archive_api
substack,substack:lennysnewsletter,203730639,https://www.lennysnewsletter.com/p/how-top-pms-increase-their-leverage,2026-06-30T13:31:39.091Z,2026-06,How top PMs increase their leverage with AI ,true,false,,,327,,,only_paid,archive_api
substack,substack:lennysnewsletter,202768941,https://www.lennysnewsletter.com/p/the-new-inner-game-your-unfair-advantage,2026-06-23T12:45:59.693Z,2026-06,The new inner game: Your unfair advantage in the age of AI,true,false,,,578,5,,only_paid,archive_api
substack,substack:lennysnewsletter,200830169,https://www.lennysnewsletter.com/p/essential-books-for-product-builderspart-611,2026-06-09T13:11:29.925Z,2026-06,Essential books for product builders—part 2,true,false,,,338,11,,only_paid,archive_api
substack,substack:lennysnewsletter,198594138,https://www.lennysnewsletter.com/p/essential-books-for-product-builderspart,2026-05-26T15:25:52.405Z,2026-05,Essential books for product builders—part 1,true,false,,,674,14,,only_paid,archive_api
substack,substack:lennysnewsletter,197272146,https://www.lennysnewsletter.com/p/the-lenny-and-friends-summit-is-back,2026-05-19T15:27:24.919Z,2026-05,The Lenny and Friends Summit is back!,false,true,542,,188,3,,everyone,posts_api
substack,substack:lennysnewsletter,195672025,https://www.lennysnewsletter.com/p/why-saas-freemium-playbooks-dont,2026-05-05T13:03:32.007Z,2026-05,"Why SaaS freemium playbooks don’t work in AI, and what to do instead",true,false,,,369,6,,only_paid,archive_api
substack,substack:lennysnewsletter,195559198,https://www.lennysnewsletter.com/p/your-couch-to-5k-for-ai,2026-04-28T15:31:24.789Z,2026-04,Your Couch-to-5K for AI,true,false,,,409,5,,only_paid,archive_api
substack,substack:lennysnewsletter,165204731,https://www.lennysnewsletter.com/p/new-a-free-year-of-cursor-google,2026-04-21T15:03:33.632Z,2026-04,"New: A free year of Cursor, Google AI Pro, Notion, Supabase, Gumloop, and Fin for subscribers",false,false,,,359,36,,everyone,archive_api
substack,substack:lennysnewsletter,193512668,https://www.lennysnewsletter.com/p/not-all-ai-agents-are-created-equal,2026-04-14T12:46:08.462Z,2026-04,Not all AI agents are created equal,true,false,,,458,5,,only_paid,archive_api
substack,substack:lennysnewsletter,193007895,https://www.lennysnewsletter.com/p/a-visual-guide-to-getting-out-of,2026-04-07T12:45:49.978Z,2026-04,A visual guide to getting out of a creative slump,false,true,1369,,509,10,,everyone,posts_api
substack,substack:notboring,216908059,https://www.notboring.co/p/haa,2026-09-23T13:45:43.014Z,2026-09,Would We Send Our Kids to HAA?,false,true,3107,,136,6,,everyone,posts_api
substack,substack:notboring,216209100,https://www.notboring.co/p/weekly-dose-of-optimism-211,2026-09-18T12:55:31.701Z,2026-09,Weekly Dose of Optimism #211,true,false,,,89,1,,only_paid,archive_api
substack,substack:notboring,214951745,https://www.notboring.co/p/weekly-dose-of-optimism-210,2026-09-11T12:46:09.691Z,2026-09,Weekly Dose of Optimism #210,true,false,,,106,3,,only_paid,archive_api
substack,substack:notboring,214947086,https://www.notboring.co/p/an-ode-to-counter-positioning,2026-09-10T12:45:19.353Z,2026-09,An Ode to Counter-Positioning,false,false,,,176,7,,everyone,archive_api
substack,substack:notboring,214647835,https://www.notboring.co/p/everyone-is-reading-lonesome-dove,2026-09-08T12:53:13.492Z,2026-09,Everyone is Reading Lonesome Dove,false,true,2264,,160,17,,everyone,posts_api
substack,substack:notboring,213837221,https://www.notboring.co/p/weekly-dose-of-optimism-209,2026-09-04T12:36:19.862Z,2026-09,Weekly Dose of Optimism #209,true,false,,,91,3,,only_paid,archive_api
substack,substack:notboring,212994058,https://www.notboring.co/p/weekly-dose-of-optimism-208,2026-08-28T12:14:36.815Z,2026-08,Weekly Dose of Optimism #208,true,false,,,94,2,,only_paid,archive_api
substack,substack:notboring,212670946,https://www.notboring.co/p/an-american-engineer-in-china,2026-08-25T12:08:52.313Z,2026-08,An American Engineer in China,true,false,,,144,7,,only_paid,archive_api
substack,substack:notboring,211990091,https://www.notboring.co/p/weekly-dose-of-optimism-207,2026-08-21T14:23:17.043Z,2026-08,Weekly Dose of Optimism #207,true,false,,,137,2,,only_paid,archive_api
substack,substack:notboring,211035246,https://www.notboring.co/p/weekly-dose-of-optimism-206,2026-08-14T13:10:36.261Z,2026-08,Weekly Dose of Optimism #206,true,false,,,118,7,,only_paid,archive_api
substack,substack:notboring,208850886,https://www.notboring.co/p/base-power-company-chapter-3,2026-08-12T13:53:37.021Z,2026-08,Base Power Company: Chapter 3,false,true,14792,,193,4,,everyone,posts_api
substack,substack:notboring,210074894,https://www.notboring.co/p/weekly-dose-of-optimism-205,2026-08-07T12:50:11.972Z,2026-08,Weekly Dose of Optimism #205,true,false,,,131,,,only_paid,archive_api
substack,substack:notboring,209112727,https://www.notboring.co/p/weekly-dose-of-optimism-204,2026-07-31T12:47:27.494Z,2026-07,Weekly Dose of Optimism #204,true,false,,,133,1,,only_paid,archive_api
substack,substack:notboring,208470872,https://www.notboring.co/p/ai-is-oil-not-god,2026-07-25T17:25:07.639Z,2026-07,"AI is Oil, Not God",true,false,,,159,4,,only_paid,archive_api
substack,substack:notboring,208119288,https://www.notboring.co/p/weekly-dose-of-optimism-203,2026-07-24T13:07:04.370Z,2026-07,Weekly Dose of Optimism #203,true,false,,,107,,,only_paid,archive_api
substack,substack:notboring,207334675,https://www.notboring.co/p/weekly-dose-of-optimism-202,2026-07-17T11:43:07.214Z,2026-07,Weekly Dose of Optimism #202,true,false,,,147,4,,only_paid,archive_api
substack,substack:notboring,207202208,https://www.notboring.co/p/senra-systems-harnessing-human-skill,2026-07-16T12:53:19.849Z,2026-07,Senra Systems: Harnessing Human Skill,false,true,6307,,171,6,,everyone,posts_api
substack,substack:notboring,206307038,https://www.notboring.co/p/weekly-dose-of-optimism-201,2026-07-10T12:56:10.323Z,2026-07,Weekly Dose of Optimism #201,true,false,,,151,1,,only_paid,archive_api
substack,substack:notboring,204726906,https://www.notboring.co/p/weekly-dose-of-optimism-200,2026-07-03T12:58:20.255Z,2026-07,Weekly Dose of Optimism #200,true,false,,,118,,,only_paid,archive_api
substack,substack:notboring,204520788,https://www.notboring.co/p/americas-next-250,2026-07-02T14:06:26.426Z,2026-07,America's Next 250,false,true,3794,,187,1,,everyone,posts_api
substack,substack:notboring,203451019,https://www.notboring.co/p/weekly-dose-of-optimism-199,2026-06-26T12:34:31.326Z,2026-06,Weekly Dose of Optimism #199,true,false,,,92,,,only_paid,archive_api
substack,substack:notboring,202576081,https://www.notboring.co/p/weekly-dose-of-optimism-198,2026-06-19T12:59:50.974Z,2026-06,Weekly Dose of Optimism #198,true,false,,,100,3,,only_paid,archive_api
substack,substack:notboring,201514626,https://www.notboring.co/p/weekly-dose-of-optimism-197,2026-06-12T12:58:11.074Z,2026-06,Weekly Dose of Optimism #197,true,false,,,115,1,,only_paid,archive_api
substack,substack:notboring,201453510,https://www.notboring.co/p/return-on-tokens-rot,2026-06-10T18:02:16.316Z,2026-06,Return on Tokens (ROT),false,false,,,212,18,,everyone,archive_api
substack,substack:notboring,201141018,https://www.notboring.co/p/expanding-the-radius-of-daily-life,2026-06-08T13:04:26.939Z,2026-06,Expanding the Radius of Daily Life,false,false,,,145,3,,everyone,archive_api
substack,substack:notboring,200656424,https://www.notboring.co/p/weekly-dose-of-optimism-196,2026-06-05T12:53:49.385Z,2026-06,Weekly Dose of Optimism #196,true,false,,,128,,,only_paid,archive_api
substack,substack:notboring,200313554,https://www.notboring.co/p/westmag,2026-06-02T15:34:10.603Z,2026-06,America Spins on Westmag,false,true,11534,,154,2,,everyone,posts_api
substack,substack:notboring,199642955,https://www.notboring.co/p/weekly-dose-of-optimism-195,2026-05-29T12:32:20.371Z,2026-05,Weekly Dose of Optimism #195,true,false,,,95,,,only_paid,archive_api
substack,substack:notboring,199505430,https://www.notboring.co/p/thank-god-for-data-centers,2026-05-27T19:19:05.426Z,2026-05,Thank God For Data Centers,true,false,,,200,3,,only_paid,archive_api
substack,substack:notboring,198693390,https://www.notboring.co/p/weekly-dose-of-optimism-194,2026-05-22T12:51:22.474Z,2026-05,Weekly Dose of Optimism #194,true,false,,,133,1,,only_paid,archive_api
substack,substack:notboring,197885823,https://www.notboring.co/p/cowboy-space-corporation,2026-05-16T12:52:13.232Z,2026-05,Cowboy Space Corporation,true,false,,,153,4,,only_paid,archive_api
substack,substack:notboring,197685347,https://www.notboring.co/p/weekly-dose-of-optimism-193,2026-05-15T12:42:13.783Z,2026-05,Weekly Dose of Optimism #193,true,false,,,113,1,,only_paid,archive_api
substack,substack:notboring,197356019,https://www.notboring.co/p/riding-the-leopard,2026-05-13T12:53:38.096Z,2026-05,Riding the Leopard,true,false,,,675,30,,only_paid,archive_api
substack,substack:notboring,196800072,https://www.notboring.co/p/weekly-dose-of-optimism-192,2026-05-08T12:56:57.758Z,2026-05,Weekly Dose of Optimism #192,true,false,,,131,1,,only_paid,archive_api
substack,substack:notboring,196016839,https://www.notboring.co/p/weekly-dose-of-optimism-191,2026-05-01T12:53:52.442Z,2026-05,Weekly Dose of Optimism #191,true,false,,,125,2,,only_paid,archive_api
substack,substack:notboring,195918029,https://www.notboring.co/p/scarce-assets,2026-04-30T12:49:50.968Z,2026-04,Scarce Assets,false,false,,,246,22,,everyone,archive_api
substack,substack:notboring,194814388,https://www.notboring.co/p/weekly-dose-of-optimism-190,2026-04-24T12:55:48.487Z,2026-04,Weekly Dose of Optimism #190,true,false,,,119,,,only_paid,archive_api
substack,substack:notboring,195068879,https://www.notboring.co/p/the-great-blue-frontier,2026-04-23T12:59:00.812Z,2026-04,The Great Blue Frontier,false,true,15001,,211,11,,everyone,posts_api
substack,substack:notboring,194390125,https://www.notboring.co/p/weekly-dose-of-optimism-189,2026-04-17T12:48:26.779Z,2026-04,Weekly Dose of Optimism #189,true,false,,,141,,,only_paid,archive_api
substack,substack:notboring,193088863,https://www.notboring.co/p/weekly-dose-of-optimism-188,2026-04-10T12:32:59.522Z,2026-04,Weekly Dose of Optimism #188,true,false,,,143,1,,only_paid,archive_api
substack,substack:notboring,192966216,https://www.notboring.co/p/weekly-dose-of-optimism-187,2026-04-03T12:35:07.547Z,2026-04,Weekly Dose of Optimism #187,true,false,,,139,,,only_paid,archive_api
substack,substack:notboring,192962254,https://www.notboring.co/p/bad-analogies,2026-04-02T14:01:40.474Z,2026-04,Bad Analogies,false,true,3005,,231,22,,everyone,posts_api
substack,substack:notboring,192223690,https://www.notboring.co/p/weekly-dose-of-optimism-186,2026-03-27T12:39:57.201Z,2026-03,Weekly Dose of Optimism #186,true,false,,,122,3,,only_paid,archive_api
substack,substack:notboring,191911742,https://www.notboring.co/p/electromagnetism-secretly-runs-the,2026-03-24T12:57:34.281Z,2026-03,Electromagnetism Secretly Runs the World,false,true,12253,,241,3,,everyone,posts_api
substack,substack:notboring,191480080,https://www.notboring.co/p/weekly-dose-of-optimism-185,2026-03-20T12:46:59.462Z,2026-03,Weekly Dose of Optimism #185,true,false,,,101,,,only_paid,archive_api
substack,substack:notboring,191268033,https://www.notboring.co/p/world-models,2026-03-19T12:55:52.689Z,2026-03,World Models: Computing the Uncomputable,false,true,18502,,414,24,,everyone,posts_api
substack,substack:notboring,190761405,https://www.notboring.co/p/weekly-dose-of-optimism-184,2026-03-13T12:54:26.532Z,2026-03,Weekly Dose of Optimism #184,true,false,,,125,1,,only_paid,archive_api
substack,substack:notboring,190037548,https://www.notboring.co/p/weekly-dose-of-optimism-183,2026-03-06T14:02:45.768Z,2026-03,Weekly Dose of Optimism #183,true,false,,,116,,,only_paid,archive_api
substack,substack:notboring,189947123,https://www.notboring.co/p/costless-sacrifice,2026-03-05T15:14:24.917Z,2026-03,Costless Sacrifice,false,false,,,258,26,,everyone,archive_api
substack,substack:notboring,189257923,https://www.notboring.co/p/weekly-dose-of-optimism-182,2026-02-27T13:37:12.311Z,2026-02,Weekly Dose of Optimism #182,true,false,,,139,,,only_paid,archive_api
substack,substack:notboring,188374642,https://www.notboring.co/p/weekly-dose-of-optimism-181,2026-02-20T13:55:19.803Z,2026-02,Weekly Dose of Optimism #181,true,false,,,124,,,only_paid,archive_api
substack,substack:notboring,188368167,https://www.notboring.co/p/power-in-the-age-of-intelligence,2026-02-18T13:33:05.371Z,2026-02,Power in the Age of Intelligence,false,false,,,260,24,,everyone,archive_api
substack,substack:notboring,187141090,https://www.notboring.co/p/weekly-dose-of-optimism-180,2026-02-13T13:07:33.254Z,2026-02,Weekly Dose of Optimism #180,true,false,,,79,3,,only_paid,archive_api
substack,substack:notboring,186980971,https://www.notboring.co/p/weekly-dose-of-optimism-179,2026-02-06T13:57:45.911Z,2026-02,Weekly Dose of Optimism #179,true,false,,,53,,,only_paid,archive_api
substack,substack:notboring,186675890,https://www.notboring.co/p/raising-a-special-little-ai,2026-02-03T13:56:12.964Z,2026-02,Raising a Special Little AI,true,false,,,153,7,,only_paid,archive_api
substack,substack:notboring,186195235,https://www.notboring.co/p/weekly-dose-of-optimism-178,2026-01-30T13:52:09.055Z,2026-01,Weekly Dose of Optimism #178,true,false,,,120,,,only_paid,archive_api
substack,substack:notboring,185419122,https://www.notboring.co/p/weekly-dose-of-optimism-6ba,2026-01-23T13:46:57.205Z,2026-01,Weekly Dose of Optimism #177,true,false,,,76,,,only_paid,archive_api
substack,substack:notboring,185352363,https://www.notboring.co/p/the-venezuela-opportunity,2026-01-22T13:54:22.691Z,2026-01,The Venezuela Opportunity,true,false,,,94,5,,only_paid,archive_api
substack,substack:notboring,184957551,https://www.notboring.co/p/16-lessons-on-selling-and-life-from,2026-01-18T15:01:47.559Z,2026-01,16 Lessons on Selling (and Life) from My 5-Year-Old,false,false,,,139,22,,everyone,archive_api
substack,substack:notboring,184794293,https://www.notboring.co/p/weekly-dose-of-optimism-176,2026-01-17T13:36:30.754Z,2026-01,Weekly Dose of Optimism #176,false,false,,,84,1,,everyone,archive_api
substack,substack:notboring,184546099,https://www.notboring.co/p/robot-steps,2026-01-16T13:59:23.672Z,2026-01,"Many Small Steps for Robots, One Giant Leap for Mankind",true,false,,,185,,,only_paid,archive_api
substack,substack:notboring,184039741,https://www.notboring.co/p/weekly-dose-of-optimism-175,2026-01-10T13:57:13.604Z,2026-01,Weekly Dose of Optimism #175,true,false,,,64,,,only_paid,archive_api
substack,substack:notboring,184026831,https://www.notboring.co/p/a16z-the-power-brokers,2026-01-09T18:35:20.909Z,2026-01,a16z: The Power Brokers,false,true,17790,,430,1,,everyone,posts_api
substack,substack:notboring,183587438,https://www.notboring.co/p/welcome-to-not-boring-world,2026-01-06T13:48:25.557Z,2026-01,welcome to not boring world,false,false,,,190,30,,everyone,archive_api
substack,substack:notboring,182374766,https://www.notboring.co/p/my-5-favorite-not-boring-essays-of,2025-12-23T13:58:58.359Z,2025-12,My 5 Favorite Not Boring Essays of 2025,false,false,,,124,11,,everyone,archive_api
substack,substack:notboring,182004759,https://www.notboring.co/p/weekly-dose-of-optimism-174,2025-12-19T13:43:52.504Z,2025-12,Weekly Dose of Optimism #174,false,true,2087,,83,4,,everyone,posts_api
substack,substack:notboring,181351484,https://www.notboring.co/p/weekly-dose-of-optimism-173,2025-12-12T13:44:06.709Z,2025-12,Weekly Dose of Optimism #173,false,false,,,82,5,,everyone,archive_api
substack,substack:notboring,181280949,https://www.notboring.co/p/hardware-is-a-fruit,2025-12-11T13:58:19.686Z,2025-12,Hardware is a Fruit,false,true,3416,,130,6,,everyone,posts_api
substack,substack:notboring,180606068,https://www.notboring.co/p/weekly-dose-of-optimism-172,2025-12-05T13:50:29.166Z,2025-12,Weekly Dose of Optimism #172,false,false,,,74,10,,everyone,archive_api
substack,substack:notboring,179695398,https://www.notboring.co/p/cable-caballero,2025-11-24T14:00:56.363Z,2025-11,Cable Caballero,false,false,,,123,19,,everyone,archive_api
substack,substack:notboring,179492418,https://www.notboring.co/p/weekly-dose-of-optimism-171,2025-11-21T13:50:05.599Z,2025-11,Weekly Dose of Optimism #171,false,false,,,80,8,,everyone,archive_api
substack,substack:notboring,178792295,https://www.notboring.co/p/weekly-dose-of-optimism-170,2025-11-14T13:43:21.112Z,2025-11,Weekly Dose of Optimism #170,false,true,2144,,108,5,,everyone,posts_api
substack,substack:notboring,178522763,https://www.notboring.co/p/the-company-as-a-machine-for-doing,2025-11-11T13:42:31.398Z,2025-11,The Company as a Machine for Doing Stuff,false,false,,,241,31,,everyone,archive_api
substack,substack:notboring,178184425,https://www.notboring.co/p/weekly-dose-of-optimism-169,2025-11-07T13:34:04.936Z,2025-11,Weekly Dose of Optimism #169,false,true,2520,,71,6,,everyone,posts_api
substack,substack:notboring,177589017,https://www.notboring.co/p/weekly-dose-of-optimism-168,2025-10-31T12:57:24.607Z,2025-10,Weekly Dose of Optimism #168,false,false,,,47,2,,everyone,archive_api
substack,substack:notboring,177567477,https://www.notboring.co/p/take-weird-ideas-seriously,2025-10-30T15:06:34.457Z,2025-10,Take Weird Ideas Seriously,false,false,,,215,25,,everyone,archive_api
substack,substack:notboring,176912220,https://www.notboring.co/p/weekly-dose-of-optimism-167,2025-10-24T12:42:47.068Z,2025-10,Weekly Dose of Optimism #167,false,false,,,80,4,,everyone,archive_api
substack,substack:notboring,176324734,https://www.notboring.co/p/weekly-dose-of-optimism-166,2025-10-17T12:44:40.856Z,2025-10,Weekly Dose of Optimism #166,false,false,,,98,11,,everyone,archive_api
substack,substack:notboring,175714094,https://www.notboring.co/p/weekly-dose-of-optimism-165,2025-10-10T12:57:10.967Z,2025-10,Weekly Dose of Optimism #165,false,true,2412,,97,10,,everyone,posts_api
substack,substack:noahpinion,217192685,https://www.noahpinion.blog/p/no-you-are-not-on-indigenous-land-2b2,2026-09-24T07:44:38.576Z,2026-09,"No, you are not on Indigenous land",false,false,,,364,33,,everyone,archive_api
substack,substack:noahpinion,216826341,https://www.noahpinion.blog/p/the-problems-with-utilitarianism,2026-09-22T08:53:46.588Z,2026-09,The problem(s) with utilitarianism,false,true,2646,,413,64,,everyone,posts_api
substack,substack:noahpinion,216335906,https://www.noahpinion.blog/p/how-we-can-beat-china,2026-09-20T09:51:30.488Z,2026-09,How we can beat China,true,false,,,303,87,,only_paid,archive_api
substack,substack:noahpinion,216235258,https://www.noahpinion.blog/p/roundup-88-is-it-time-to-panic-yet,2026-09-18T09:04:11.386Z,2026-09,Roundup #88: Is it time to panic yet?,false,false,,,309,47,,everyone,archive_api
substack,substack:noahpinion,215912934,https://www.noahpinion.blog/p/the-anti-american-right,2026-09-16T06:08:15.462Z,2026-09,The anti-American Right,false,false,,,525,85,,everyone,archive_api
substack,substack:noahpinion,215574517,https://www.noahpinion.blog/p/two-missing-pieces-in-the-ai-safety,2026-09-14T01:43:28.536Z,2026-09,Two missing pieces in the AI safety discussion,false,false,,,392,146,,everyone,archive_api
substack,substack:noahpinion,215285265,https://www.noahpinion.blog/p/get-the-middle-east-out-of-my-politics,2026-09-12T08:44:47.137Z,2026-09,Get the Middle East out of my politics!,true,false,,,332,130,,only_paid,archive_api
substack,substack:noahpinion,214807179,https://www.noahpinion.blog/p/liberalism-needs-a-new-philosophy,2026-09-09T08:39:04.524Z,2026-09,Liberalism needs a new philosophy of immigration,false,true,2876,,609,201,,everyone,posts_api
substack,substack:noahpinion,214513199,https://www.noahpinion.blog/p/ai-keeps-stubbornly-refusing-to-take,2026-09-07T08:13:49.146Z,2026-09,AI keeps stubbornly refusing to take our jobs,false,false,,,472,61,,everyone,archive_api
substack,substack:noahpinion,214234275,https://www.noahpinion.blog/p/america-is-still-beating-china-in,2026-09-05T07:36:17.881Z,2026-09,America is still beating China in the AI race,true,false,,,225,39,,only_paid,archive_api
substack,substack:noahpinion,213783019,https://www.noahpinion.blog/p/why-you-wont-get-a-flying-car,2026-09-03T09:55:22.593Z,2026-09,Why you won’t get a flying car,false,false,,,388,88,,everyone,archive_api
substack,substack:noahpinion,213463624,https://www.noahpinion.blog/p/roundup-87-technology-bad,2026-09-01T02:26:19.061Z,2026-09,Roundup #87: Technology BAD!!,false,false,,,351,111,,everyone,archive_api
substack,substack:noahpinion,213178481,https://www.noahpinion.blog/p/in-defense-of-asian-american-art,2026-08-30T00:15:19.331Z,2026-08,In defense of Asian American art,false,false,,,244,35,,everyone,archive_api
substack,substack:noahpinion,212883224,https://www.noahpinion.blog/p/heres-how-were-all-going-to-die,2026-08-28T09:48:43.895Z,2026-08,Here’s how we’re all going to die,false,true,3550,,557,191,,everyone,posts_api
substack,substack:noahpinion,212659337,https://www.noahpinion.blog/p/the-death-of-market-street,2026-08-26T09:12:35.276Z,2026-08,The death of Market Street,false,false,,,455,55,,everyone,archive_api
substack,substack:noahpinion,212495625,https://www.noahpinion.blog/p/what-if-our-biggest-problems-arent,2026-08-24T08:46:48.970Z,2026-08,What if our biggest problems aren’t economic?,false,false,,,707,142,,everyone,archive_api
substack,substack:noahpinion,212209811,https://www.noahpinion.blog/p/are-we-watching-the-us-go-bankrupt,2026-08-22T01:47:17.021Z,2026-08,Are we watching the U.S. go bankrupt?,true,false,,,356,61,,only_paid,archive_api
substack,substack:noahpinion,211793689,https://www.noahpinion.blog/p/economists-should-be-worried-about,2026-08-19T23:27:31.582Z,2026-08,Economists should be worried about birth rates,false,false,,,391,75,,everyone,archive_api
substack,substack:noahpinion,211473003,https://www.noahpinion.blog/p/where-to-eat-in-san-francisco,2026-08-18T05:21:55.795Z,2026-08,Where to eat in San Francisco,false,false,,,289,54,,everyone,archive_api
substack,substack:noahpinion,211246311,https://www.noahpinion.blog/p/the-end-of-an-era-for-chinas-economy,2026-08-16T07:26:51.531Z,2026-08,The end of an era for China's economy,true,false,,,407,34,,only_paid,archive_api
substack,substack:noahpinion,211117463,https://www.noahpinion.blog/p/23-low-regret-recommendations-for,2026-08-14T01:39:37.136Z,2026-08,23 low-regret recommendations for AI policy,false,true,9548,,136,15,,everyone,posts_api
substack,substack:noahpinion,210791279,https://www.noahpinion.blog/p/roundup-86-unintended-consequences,2026-08-12T08:27:04.986Z,2026-08,Roundup #86: Unintended consequences,false,false,,,434,62,,everyone,archive_api
substack,substack:noahpinion,210685540,https://www.noahpinion.blog/p/the-poverty-of-anti-tech-thought,2026-08-11T08:01:13.612Z,2026-08,The poverty of anti-tech thought,false,false,,,499,72,,everyone,archive_api
substack,substack:noahpinion,210496530,https://www.noahpinion.blog/p/should-we-pace-ai-self-improvement,2026-08-09T18:15:22.098Z,2026-08,"Should we ""pace"" AI self-improvement?",false,false,,,220,27,,everyone,archive_api
substack,substack:noahpinion,210295278,https://www.noahpinion.blog/p/banning-data-centers-would-blow-up,2026-08-08T09:25:08.021Z,2026-08,Banning data centers would blow up the U.S. economy,true,false,,,431,117,,only_paid,archive_api
substack,substack:noahpinion,210022787,https://www.noahpinion.blog/p/are-the-democrats-going-to-save-us,2026-08-06T07:14:01.771Z,2026-08,Are the Democrats going to save us this time? ,false,false,,,662,226,,everyone,archive_api
substack,substack:noahpinion,209710557,https://www.noahpinion.blog/p/the-end-of-the-age-of-heroes,2026-08-04T07:36:17.926Z,2026-08,The end of the age of heroes,false,false,,,662,63,,everyone,archive_api
substack,substack:noahpinion,209405115,https://www.noahpinion.blog/p/slopulism-is-taking-over-america,2026-08-02T09:13:04.788Z,2026-08,Slopulism is taking over America,true,false,,,504,100,,only_paid,archive_api
substack,substack:noahpinion,209078908,https://www.noahpinion.blog/p/why-did-south-korean-stocks-just,2026-07-30T10:18:50.118Z,2026-07,Why did South Korean stocks just crash?,false,false,,,433,22,,everyone,archive_api
substack,substack:noahpinion,208091507,https://www.noahpinion.blog/p/roundup-85-most-policy-is-also-industrial,2026-07-28T00:33:43.439Z,2026-07,Roundup #85: Most policy is also industrial policy,false,true,3898,,320,75,,everyone,posts_api
substack,substack:noahpinion,208090381,https://www.noahpinion.blog/p/what-will-more-intelligence-actually,2026-07-26T07:56:22.476Z,2026-07,What will more intelligence actually do for us?,false,false,,,903,86,,everyone,archive_api
substack,substack:noahpinion,208244394,https://www.noahpinion.blog/p/we-asked-too-much-of-the-american,2026-07-24T07:46:56.271Z,2026-07,We asked too much of the American university,true,false,,,561,91,,only_paid,archive_api
substack,substack:noahpinion,207993008,https://www.noahpinion.blog/p/who-was-the-worst-monster-of-the,2026-07-22T07:34:05.054Z,2026-07,Who was the worst monster of the 20th century?,false,false,,,602,88,,everyone,archive_api
substack,substack:noahpinion,207712288,https://www.noahpinion.blog/p/the-uk-is-a-cautionary-tale-for-the,2026-07-20T06:51:10.289Z,2026-07,The UK is a cautionary tale for the U.S.,false,false,,,808,89,,everyone,archive_api
substack,substack:noahpinion,207518902,https://www.noahpinion.blog/p/americas-political-economy-is-pretty,2026-07-18T10:30:47.839Z,2026-07,America's political economy is pretty bleak right now,true,false,,,415,107,,only_paid,archive_api
substack,substack:noahpinion,207376523,https://www.noahpinion.blog/p/book-review-power-and-progress-874,2026-07-17T03:52:55.304Z,2026-07,"Book Review: ""Power and Progress""",false,false,,,213,26,,everyone,archive_api
substack,substack:noahpinion,207118291,https://www.noahpinion.blog/p/why-i-didnt-sign-the-we-must-act,2026-07-15T08:19:54.513Z,2026-07,"Why I didn't sign the ""We Must Act Now"" statement (yet)",false,false,,,454,79,,everyone,archive_api
substack,substack:noahpinion,206638832,https://www.noahpinion.blog/p/the-american-suburbs-are-better-than,2026-07-13T12:38:16.332Z,2026-07,The American suburbs are better than you think,false,false,,,561,107,,everyone,archive_api
substack,substack:noahpinion,206641478,https://www.noahpinion.blog/p/i-have-never-been-working-class,2026-07-12T09:22:33.490Z,2026-07,I have never been working class,false,false,,,1005,187,,everyone,archive_api
substack,substack:noahpinion,205680587,https://www.noahpinion.blog/p/magas-attack-on-science-is-even-worse,2026-07-10T15:23:02.475Z,2026-07,MAGA's attack on science is even worse than it looks,true,false,,,365,89,,only_paid,archive_api
substack,substack:noahpinion,205975203,https://www.noahpinion.blog/p/jd-vances-crusade-against-gdp-is,2026-07-08T03:56:06.254Z,2026-07,JD Vance's crusade against GDP is wrong and bad,false,false,,,548,69,,everyone,archive_api
substack,substack:noahpinion,205459089,https://www.noahpinion.blog/p/no-china-did-not-manage-to-avoid,2026-07-06T08:54:30.975Z,2026-07,"No, China did not manage to avoid a crash",false,false,,,425,17,,everyone,archive_api
substack,substack:noahpinion,204737888,https://www.noahpinion.blog/p/the-american-age-was-the-human-age,2026-07-04T09:31:52.008Z,2026-07,The American age was the human age,true,false,,,601,112,,only_paid,archive_api
substack,substack:noahpinion,204705929,https://www.noahpinion.blog/p/stop-screeching-about-immigration,2026-07-02T20:05:15.190Z,2026-07,"Stop screeching about immigration, and get smart about it",false,false,,,384,74,,everyone,archive_api
substack,substack:noahpinion,204357846,https://www.noahpinion.blog/p/roundup-84-bears-on-bikes,2026-07-01T06:31:00.654Z,2026-07,Roundup #84: Bears on bikes,false,false,,,262,123,,everyone,archive_api
substack,substack:noahpinion,204067461,https://www.noahpinion.blog/p/will-ai-make-companies-outsource,2026-06-29T09:16:02.065Z,2026-06,"Will AI make companies outsource more, or less?",false,false,,,299,25,,everyone,archive_api
substack,substack:noahpinion,203925019,https://www.noahpinion.blog/p/europes-resistance-to-ac-is-driving,2026-06-28T06:26:35.722Z,2026-06,Europe's resistance to AC is driving it insane,false,false,,,472,117,,everyone,archive_api
substack,substack:noahpinion,203606878,https://www.noahpinion.blog/p/the-democrats-have-their-own-maga,2026-06-26T02:19:26.313Z,2026-06,The Democrats have their own MAGA now,true,false,,,753,315,,only_paid,archive_api
substack,substack:noahpinion,203356981,https://www.noahpinion.blog/p/china-is-winning-the-other-tech-race,2026-06-24T09:01:34.413Z,2026-06,China is winning the other tech race,true,false,,,335,32,,only_paid,archive_api
substack,substack:noahpinion,203000304,https://www.noahpinion.blog/p/pizza-wheels-are-bad-japanese-toilets,2026-06-21T23:33:20.535Z,2026-06,"Pizza wheels are bad, Japanese toilets are great",false,false,,,453,123,,everyone,archive_api
substack,substack:noahpinion,202792957,https://www.noahpinion.blog/p/what-defines-japans-national-identity,2026-06-20T07:34:35.514Z,2026-06,What defines Japan's national identity?,false,false,,,399,38,,everyone,archive_api
substack,substack:noahpinion,202656876,https://www.noahpinion.blog/p/does-anything-i-write-matter-anymore,2026-06-19T06:35:04.894Z,2026-06,Does anything I write matter anymore?,false,false,,,659,109,,everyone,archive_api
substack,substack:noahpinion,202327243,https://www.noahpinion.blog/p/iran-is-trumps-katrina,2026-06-16T22:29:17.636Z,2026-06,Iran is Trump's Katrina,true,false,,,554,166,,only_paid,archive_api
substack,substack:noahpinion,202056252,https://www.noahpinion.blog/p/will-china-inc-be-zombified,2026-06-15T09:17:45.885Z,2026-06,"Will China, Inc. be zombified?",false,false,,,446,37,,everyone,archive_api
substack,substack:noahpinion,201835014,https://www.noahpinion.blog/p/degrowth-would-make-europeans-into,2026-06-13T08:25:32.384Z,2026-06,"Degrowth would make Europeans into ""Europoors""",false,false,,,588,83,,everyone,archive_api
substack,substack:noahpinion,201410855,https://www.noahpinion.blog/p/are-you-finally-ready-to-admit-its,2026-06-11T07:38:27.881Z,2026-06,Are you finally ready to admit it's the phones?,true,false,,,619,105,,only_paid,archive_api
substack,substack:noahpinion,201414918,https://www.noahpinion.blog/p/insurers-arent-the-main-villain-of,2026-06-10T07:10:26.996Z,2026-06,Insurers aren't the main villain of the U.S. health care system,false,false,,,362,139,,everyone,archive_api
substack,substack:noahpinion,201096801,https://www.noahpinion.blog/p/roundup-83-i-told-you-so,2026-06-08T07:42:08.344Z,2026-06,Roundup #83: I told you so!,false,false,,,390,63,,everyone,archive_api
substack,substack:noahpinion,200836897,https://www.noahpinion.blog/p/why-europe-should-put-up-trade-barriers,2026-06-06T08:10:50.948Z,2026-06,Why Europe should put up trade barriers against Chinese goods,false,true,2249,,369,36,,everyone,posts_api
substack,substack:noahpinion,200523222,https://www.noahpinion.blog/p/im-kind-of-over-the-whole-anti-monopoly,2026-06-04T05:52:29.451Z,2026-06,"I'm kind of over the whole ""Anti-monopoly"" movement",false,false,,,510,94,,everyone,archive_api
substack,substack:noahpinion,200222170,https://www.noahpinion.blog/p/how-much-more-software-do-we-really,2026-06-02T09:31:21.798Z,2026-06,How much more software do we really need?,true,false,,,446,68,,only_paid,archive_api
substack,substack:noahpinion,199946489,https://www.noahpinion.blog/p/the-way-we-treat-pigs-is-a-sin,2026-05-31T08:38:50.518Z,2026-05,The way we treat pigs is a sin,false,true,2131,,963,157,,everyone,posts_api
substack,substack:noahpinion,199694721,https://www.noahpinion.blog/p/america-needs-liberal-nationalism,2026-05-29T09:42:27.127Z,2026-05,America needs liberal nationalism back,false,false,,,599,85,,everyone,archive_api
substack,substack:noahpinion,199362338,https://www.noahpinion.blog/p/your-future-job-will-be-to-keep-ai,2026-05-27T08:32:31.234Z,2026-05,Your future job will be to keep AI on task,true,false,,,310,60,,only_paid,archive_api
substack,substack:noahpinion,199131984,https://www.noahpinion.blog/p/are-you-tired-of-the-trump-era-yet,2026-05-25T08:14:11.880Z,2026-05,Are you tired of the Trump era yet? ,false,false,,,962,133,,everyone,archive_api
substack,substack:noahpinion,198898662,https://www.noahpinion.blog/p/america-is-heading-for-a-debtpocalypse,2026-05-23T08:23:19.075Z,2026-05,America is heading for a debtpocalypse,true,false,,,421,95,,only_paid,archive_api
substack,substack:noahpinion,198633392,https://www.noahpinion.blog/p/roundup-82-staring-in-wonder-at-the,2026-05-21T06:51:31.250Z,2026-05,Roundup #82: Staring in wonder at the world,false,false,,,360,55,,everyone,archive_api
substack,substack:noahpinion,198365837,https://www.noahpinion.blog/p/all-non-drone-militaries-are-obsolete,2026-05-19T08:19:41.277Z,2026-05,All non-drone militaries are obsolete,false,true,2490,,862,154,,everyone,posts_api
substack,substack:noahpinion,193501364,https://www.noahpinion.blog/p/dating-advice-for-men,2026-05-17T09:00:12.747Z,2026-05,Dating advice for men,false,false,,,826,98,,everyone,archive_api
substack,substack:noahpinion,197753828,https://www.noahpinion.blog/p/yes-europeans-are-poorer-than-americans,2026-05-15T07:55:22.636Z,2026-05,"Yes, Europeans are poorer than Americans",false,false,,,425,149,,everyone,archive_api
substack,substack:noahpinion,197453444,https://www.noahpinion.blog/p/trump-actually-started-to-decouple,2026-05-13T09:40:06.111Z,2026-05,Trump actually started to decouple America from China,false,false,,,333,13,,everyone,archive_api
substack,substack:noahpinion,197174690,https://www.noahpinion.blog/p/tyrants-are-losing-wars,2026-05-11T08:36:24.419Z,2026-05,Tyrants are losing wars,false,false,,,537,71,,everyone,archive_api
substack,substack:noahpinion,196940370,https://www.noahpinion.blog/p/do-billionaires-earn-their-money,2026-05-09T09:58:53.926Z,2026-05,Do billionaires earn their money?,true,false,,,358,220,,only_paid,archive_api
substack,substack:noahpinion,196866398,https://www.noahpinion.blog/p/barack-obama-was-a-successful-president-7bb,2026-05-08T06:22:14.160Z,2026-05,Barack Obama was a successful President,false,false,,,491,73,,everyone,archive_api
substack,substack:noahpinion,196592431,https://www.noahpinion.blog/p/could-development-economics-be-more,2026-05-06T06:08:15.325Z,2026-05,Could development economics be more useful?,false,false,,,419,48,,everyone,archive_api
substack,substack:noahpinion,196483248,https://www.noahpinion.blog/p/ais-big-messaging-pivot,2026-05-05T06:06:01.384Z,2026-05,AI's big messaging pivot,false,false,,,371,80,,everyone,archive_api
substack,substack:noahpinion,196132919,https://www.noahpinion.blog/p/californias-billionaire-tax-is-the,2026-05-02T22:36:38.637Z,2026-05,"California's ""billionaire tax"" is the wrong approach",true,false,,,403,109,,only_paid,archive_api
substack,substack:noahpinion,196053971,https://www.noahpinion.blog/p/roundup-81-back-to-our-regular-programming,2026-05-01T08:57:37.590Z,2026-05,Roundup #81: Back to our regular programming,false,false,,,359,77,,everyone,archive_api
substack,substack:noahpinion,195777377,https://www.noahpinion.blog/p/scoring-the-jensen-dwarkesh-debate,2026-04-29T00:38:56.695Z,2026-04,Scoring the Jensen-Dwarkesh debate,true,false,,,291,28,,only_paid,archive_api
substack,substack:importai,216673688,https://importai.substack.com/p/import-ai-473-the-uss-superintelligence,2026-09-21T12:31:04.511Z,2026-09,Import AI 473: The US's superintelligence strategy; human brain in a mouse skull; and machine hermeneutics ,false,true,3876,,56,13,,everyone,posts_api
substack,substack:importai,214500193,https://importai.substack.com/p/import-ai-472-deepminds-cheating,2026-09-07T12:26:31.390Z,2026-09,Import AI 472: DeepMind's cheating math agents; populist AI policies; and Forethought theorizes a nightwatchman ,false,true,3082,,100,20,,everyone,posts_api
substack,substack:importai,213488406,https://importai.substack.com/p/import-ai-471-why-hugging-face-worries,2026-08-31T13:31:06.134Z,2026-08,Import AI 471: Why Hugging Face worries me; space mining; FIve Eyes on AI ,false,true,2405,,163,27,,everyone,posts_api
substack,substack:importai,212468329,https://importai.substack.com/p/import-ai-470-no-rights-for-machines,2026-08-24T13:12:40.474Z,2026-08,Import AI 470: No rights for machines; automating environment generation with SPADE; and building better GPU kernels with Hawkeye ,false,false,,,83,11,,everyone,archive_api
substack,substack:importai,211503838,https://importai.substack.com/p/import-ai-469-science-ai-rsi-simulator,2026-08-17T13:05:36.213Z,2026-08,Import AI 469: Science AI; RSI simulator; and Zuck's technological pessimism,false,false,,,78,13,,everyone,archive_api
substack,substack:importai,210520763,https://importai.substack.com/p/import-ai-468-23-rsi-ideas-posttrainbench,2026-08-10T12:32:20.903Z,2026-08,Import AI 468: 23 RSI ideas; PostTrainBench+; and how trust and transparency interplay with AI racing ,false,false,,,93,15,,everyone,archive_api
substack,substack:importai,209560769,https://importai.substack.com/p/import-ai-467-self-sustaining-ai,2026-08-03T13:31:22.925Z,2026-08,Import AI 467: Self-sustaining AI viruses; pacing AI progress; confusion about AI and creativity,false,false,,,123,21,,everyone,archive_api
substack,substack:importai,208609816,https://importai.substack.com/p/import-ai-466-the-bitter-lesson-for,2026-07-27T13:30:53.119Z,2026-07,"Import AI 466: The bitter lesson for robotics, AIs complete week-long programming tasks; and OpenAI's accidental AI hacker ",false,true,2702,,94,9,,everyone,posts_api
substack,substack:importai,207720324,https://importai.substack.com/p/import-ai-465-open-vs-closed-gaps,2026-07-20T12:31:45.687Z,2026-07,Import AI 465: Open vs closed gaps; Kimi K3; Demis' big policy plan ,false,true,2342,,129,22,,everyone,posts_api
substack,substack:importai,205382037,https://importai.substack.com/p/import-ai-464-fables-writes-gpu-kernels,2026-07-06T12:31:05.594Z,2026-07,Import AI 464: Fable writes GPU kernels; AI automation; and analog computation,false,false,,,97,12,,everyone,archive_api
substack,substack:importai,204054714,https://importai.substack.com/p/import-ai-463-self-improving-robots,2026-06-29T13:03:27.002Z,2026-06,Import AI 463: Self-improving robots; a 10k Chinese GPU cluster; and an elegiac essay for the human era,false,false,,,88,22,,everyone,archive_api
substack,substack:importai,202996874,https://importai.substack.com/p/import-ai-462-superpersuasion-self,2026-06-22T12:31:45.306Z,2026-06,Import AI 462: Superpersuasion; self-sustaining AI; paths to ASI,false,false,,,97,15,,everyone,archive_api
substack,substack:importai,202106598,https://importai.substack.com/p/import-ai-461-alignment-is-not-on,2026-06-15T11:30:53.989Z,2026-06,"Import AI 461: ""Alignment is not on track""; FrontierCode; and synthetic research interns",false,false,,,89,10,,everyone,archive_api
substack,substack:importai,201087794,https://importai.substack.com/p/import-ai-460-reward-hacking-society,2026-06-08T12:31:32.029Z,2026-06,"Import AI 460: Reward hacking society, RSI data from Anthropic; and RL-based quadcopter racing",false,false,,,84,21,,everyone,archive_api
substack,substack:importai,200056241,https://importai.substack.com/p/import-ai-459-ai-oversight-is-difficult,2026-06-01T13:31:56.241Z,2026-06,Import AI 459: AI oversight is difficult; scaling laws for protein folding models; and pricing the extinction risk of AI systems,false,true,3478,,65,20,,everyone,posts_api
substack,substack:importai,199230350,https://importai.substack.com/p/import-ai-458-reckoning-with-the,2026-05-26T12:32:03.874Z,2026-05,Import AI 458: Reckoning with the future; and a singularity story,false,false,,,120,24,,everyone,archive_api
substack,substack:importai,198183721,https://importai.substack.com/p/import-ai-457-ai-stuxnet-cursed-muon,2026-05-18T13:31:17.136Z,2026-05,Import AI 457: AI stuxnet; cursed Muon optimizer; and positive alignment ,false,false,,,73,22,,everyone,archive_api
substack,substack:importai,197158629,https://importai.substack.com/p/import-ai-456-rsi-and-economic-growth,2026-05-11T12:46:12.400Z,2026-05,Import AI 456: RSI and economic growth; radical optionality for AI regulation; and a neural computer ,false,true,3234,,83,30,,everyone,posts_api
substack,substack:importai,196354615,https://importai.substack.com/p/import-ai-455-automating-ai-research,2026-05-04T12:32:09.273Z,2026-05,Import AI 455: AI systems are about to start building themselves.,false,true,4434,,342,54,,everyone,posts_api
substack,substack:importai,194734453,https://importai.substack.com/p/import-ai-454-automating-alignment,2026-04-20T12:30:19.542Z,2026-04,Import AI 454: Automating alignment research; safety study of a Chinese model; HiFloat4 ,false,true,3268,,71,31,,everyone,posts_api
substack,substack:importai,193995686,https://importai.substack.com/p/import-ai-453-breaking-ai-agents,2026-04-13T10:02:22.827Z,2026-04,Import AI 453: Breaking AI agents; MirrorCode; and ten views on gradual disempowerment,false,false,,,132,27,,everyone,archive_api
substack,substack:importai,193310631,https://importai.substack.com/p/import-ai-452-scaling-laws-for-cyberwar,2026-04-06T12:31:31.664Z,2026-04,Import AI 452: Scaling laws for cyberwar; rising tides of AI automation; and a puzzle over gDP forecasting ,false,true,2764,,92,25,,everyone,posts_api
substack,substack:importai,192571910,https://importai.substack.com/p/import-ai-451-political-superintelligence,2026-03-30T12:28:13.620Z,2026-03,"Import AI 451: Political superintelligence; Google's society of minds, and a robot drummer ",false,false,,,85,29,,everyone,archive_api
substack,substack:importai,191806771,https://importai.substack.com/p/import-ai-450-chinas-electronic-warfare,2026-03-23T12:31:45.761Z,2026-03,Import AI 450: China's electronic warfare model; traumatized LLMs; and a scaling law for cyberattacks ,false,false,,,80,14,,everyone,archive_api
substack,substack:importai,191074669,https://importai.substack.com/p/importai-449-llms-training-other,2026-03-16T12:30:50.392Z,2026-03,ImportAI 449: LLMs training other LLMs; 72B distributed training run; computer vision is harder than generative text,false,false,,,76,20,,everyone,archive_api
substack,substack:importai,190343665,https://importai.substack.com/p/import-ai-448-ai-r-and-d-bytedances,2026-03-09T12:45:54.442Z,2026-03,Import AI 448: AI R&D; Bytedance's CUDA-writing agent; on-device satellite AI ,false,false,,,93,12,,everyone,archive_api
substack,substack:importai,189604609,https://importai.substack.com/p/import-ai-447-the-agi-economy-testing,2026-03-02T13:45:27.956Z,2026-03,Import AI 447: The AGI economy; testing AIs with generated games; and agent ecologies ,false,false,,,75,27,,everyone,archive_api
substack,substack:importai,188860014,https://importai.substack.com/p/import-ai-446-nuclear-llms-chinas,2026-02-23T13:31:18.087Z,2026-02,Import AI 446: Nuclear LLMs; China's big AI benchmark; measurement and AI policy,false,true,2411,,64,14,,everyone,posts_api
substack,substack:importai,188091808,https://importai.substack.com/p/import-ai-445-timing-superintelligence,2026-02-16T14:01:19.231Z,2026-02,Import AI 445: Timing superintelligence; AIs solve frontier math proofs; a new ML research benchmark,false,false,,,54,16,,everyone,archive_api
substack,substack:importai,187349253,https://importai.substack.com/p/import-ai-444-llm-societies-huawei,2026-02-09T14:03:34.884Z,2026-02,Import AI 444: LLM societies; Huawei makes kernels with AI; ChipBench,false,true,2896,,30,13,,everyone,posts_api
substack,substack:importai,186578260,https://importai.substack.com/p/import-ai-443-into-the-mist-moltbook,2026-02-02T13:31:18.695Z,2026-02,"Import AI 443: Into the mist: Moltbook, agent ecologies, and the internet in transition",false,false,,,85,15,,everyone,archive_api
substack,substack:importai,185806002,https://importai.substack.com/p/import-ai-442-winners-and-losers,2026-01-26T13:31:29.465Z,2026-01,Import AI 442: Winners and losers in the AI economy; math proof automation; and industrialization of cyber espionage,false,true,2790,,50,17,,everyone,posts_api
substack,substack:importai,185033372,https://importai.substack.com/p/import-ai-441-my-agents-are-working,2026-01-19T14:03:24.680Z,2026-01,Import AI 441: My agents are working. Are yours? ,false,true,2705,,474,44,,everyone,posts_api
substack,substack:importai,184279014,https://importai.substack.com/p/import-ai-440-red-queen-ai-ai-regulating,2026-01-12T13:31:42.053Z,2026-01,Import AI 440: Red queen AI; AI regulating AI; o-ring automation ,false,false,,,52,10,,everyone,archive_api
substack,substack:importai,183515314,https://importai.substack.com/p/import-ai-439-ai-kernels-decentralized,2026-01-05T13:32:28.354Z,2026-01,Import AI 439: AI kernels; decentralized training; and universal representations ,false,false,,,45,6,,everyone,archive_api
substack,substack:importai,182300042,https://importai.substack.com/p/import-ai-438-cyber-capability-overhang,2025-12-22T13:31:32.032Z,2025-12,"Import AI 438: Silent sirens, flashing for us all",false,true,3048,,84,11,,everyone,posts_api
substack,substack:importai,180993612,https://importai.substack.com/p/import-ai-437-co-improving-ai-rl,2025-12-08T13:31:08.886Z,2025-12,Import AI 437: Co-improving AI; RL dreams; AI labels might be annoying,false,false,,,28,20,,everyone,archive_api
substack,substack:importai,179768120,https://importai.substack.com/p/import-ai-436-another-2gw-datacenter,2025-11-24T13:31:41.876Z,2025-11,Import AI 436: Another 2GW datacenter; why regulation is scary; how to fight a superintelligence ,false,false,,,33,11,,everyone,archive_api
substack,substack:importai,179082352,https://importai.substack.com/p/import-ai-435-100k-training-runs,2025-11-17T14:20:40.117Z,2025-11,Import AI 435: 100k training runs; AI systems absorb human power; intelligence per watt,false,true,2313,,43,16,,everyone,posts_api
substack,substack:importai,178449842,https://importai.substack.com/p/import-ai-434-pragmatic-ai-personhood,2025-11-10T13:30:39.312Z,2025-11,Import AI 434: Pragmatic AI personhood; SPACE COMPUTERS; and global government or human extinction; ,false,false,,,38,12,,everyone,archive_api
substack,substack:oneusefulthing,216098733,https://www.oneusefulthing.org/p/the-overhang,2026-09-18T17:54:32.969Z,2026-09,The Overhang,false,true,2081,,816,87,,everyone,posts_api
substack,substack:oneusefulthing,213455970,https://www.oneusefulthing.org/p/agency-and-agents,2026-08-31T00:24:35.832Z,2026-08,Agency and Agents,false,true,2282,,1014,139,,everyone,posts_api
substack,substack:oneusefulthing,207448340,https://www.oneusefulthing.org/p/an-opinionated-guide-to-which-ai-b22,2026-07-23T18:05:24.367Z,2026-07,An opinionated guide to which AI to use to do stuff,false,true,2318,,1292,58,,everyone,posts_api
substack,substack:oneusefulthing,204003560,https://www.oneusefulthing.org/p/the-twilight-of-the-chatbots,2026-06-30T22:18:12.226Z,2026-06,The twilight of the chatbots,false,false,,,794,102,,everyone,archive_api
substack,substack:oneusefulthing,201177025,https://www.oneusefulthing.org/p/what-it-feels-like-to-work-with-mythos,2026-06-09T17:11:22.377Z,2026-06,What it feels like to work with Mythos,false,true,1856,,2197,206,,everyone,posts_api
substack,substack:oneusefulthing,161510512,https://www.oneusefulthing.org/p/co-existence-and-the-end-of-co-intelligence,2026-06-04T21:13:42.065Z,2026-06,Co-Existence and the End of Co-Intelligence,false,true,1450,,970,125,,everyone,posts_api
substack,substack:oneusefulthing,196018638,https://www.oneusefulthing.org/p/choosing-to-stay-human,2026-05-26T19:56:01.624Z,2026-05,Choosing to Stay Human,false,false,,,1317,174,,everyone,archive_api
substack,substack:oneusefulthing,195247661,https://www.oneusefulthing.org/p/sign-of-the-future-gpt-55,2026-04-23T20:00:38.246Z,2026-04,Sign of the future: GPT-5.5 ,false,false,,,1162,90,,everyone,archive_api
substack,substack:oneusefulthing,192379643,https://www.oneusefulthing.org/p/claude-dispatch-and-the-power-of,2026-03-31T22:34:37.308Z,2026-03,Claude Dispatch and the Power of Interfaces,false,true,1487,,851,71,,everyone,posts_api
substack,substack:oneusefulthing,190587284,https://www.oneusefulthing.org/p/the-shape-of-the-thing,2026-03-12T14:10:07.053Z,2026-03,The Shape of the Thing,false,true,1939,,1032,83,,everyone,posts_api
substack,substack:oneusefulthing,188100833,https://www.oneusefulthing.org/p/a-guide-to-which-ai-to-use-in-the,2026-02-18T01:45:41.342Z,2026-02,A Guide to Which AI to Use in the Agentic Era,false,true,2932,,2091,139,,everyone,posts_api
substack,substack:oneusefulthing,185639446,https://www.oneusefulthing.org/p/management-as-ai-superpower,2026-01-27T16:55:55.473Z,2026-01,Management as AI superpower,false,true,1949,,1161,118,,everyone,posts_api
substack,substack:oneusefulthing,183726688,https://www.oneusefulthing.org/p/claude-code-and-what-comes-next,2026-01-07T23:00:10.922Z,2026-01,Claude Code and What Comes Next,false,true,2296,,1425,132,,everyone,posts_api
substack,substack:oneusefulthing,182146605,https://www.oneusefulthing.org/p/the-shape-of-ai-jaggedness-bottlenecks,2025-12-20T17:32:02.668Z,2025-12,"The Shape of AI: Jaggedness, Bottlenecks and Salients",false,false,,,708,83,,everyone,archive_api
substack,substack:oneusefulthing,178246604,https://www.oneusefulthing.org/p/three-years-from-gpt-3-to-gemini,2025-11-18T16:55:07.600Z,2025-11,Three Years from GPT-3 to Gemini 3,false,true,1645,,813,54,,everyone,posts_api
substack,substack:oneusefulthing,178292321,https://www.oneusefulthing.org/p/giving-your-ai-a-job-interview,2025-11-12T02:46:43.418Z,2025-11,Giving your AI a Job Interview,false,true,1933,,416,33,,everyone,posts_api
substack,substack:oneusefulthing,175771315,https://www.oneusefulthing.org/p/an-opinionated-guide-to-using-ai,2025-10-19T18:45:34.910Z,2025-10,An Opinionated Guide to Using AI Right Now,false,true,2646,,1346,81,,everyone,posts_api
substack,substack:oneusefulthing,174807342,https://www.oneusefulthing.org/p/real-ai-agents-and-real-work,2025-09-29T18:52:42.220Z,2025-09,Real AI Agents and Real Work,false,true,1387,,788,80,,everyone,posts_api
substack,substack:oneusefulthing,173228206,https://www.oneusefulthing.org/p/on-working-with-wizards,2025-09-11T20:37:39.201Z,2025-09,On Working with Wizards,false,true,2133,,877,121,,everyone,posts_api
substack,substack:oneusefulthing,171951163,https://www.oneusefulthing.org/p/mass-intelligence,2025-08-28T20:47:26.645Z,2025-08,Mass Intelligence,false,false,,,868,69,,everyone,archive_api
substack,substack:oneusefulthing,170319557,https://www.oneusefulthing.org/p/gpt-5-it-just-does-stuff,2025-08-07T17:02:18.653Z,2025-08,GPT-5: It Just Does Stuff,false,false,,,1749,154,,everyone,archive_api
substack,substack:oneusefulthing,169199293,https://www.oneusefulthing.org/p/the-bitter-lesson-versus-the-garbage,2025-07-28T11:30:43.599Z,2025-07,The Bitter Lesson versus The Garbage Can,false,true,1882,,824,89,,everyone,posts_api
substack,substack:oneusefulthing,167495203,https://www.oneusefulthing.org/p/against-brain-damage,2025-07-07T19:02:38.662Z,2025-07,"Against ""Brain Damage""",false,true,2560,,1165,6,,everyone,posts_api
substack,substack:oneusefulthing,166124170,https://www.oneusefulthing.org/p/using-ai-right-now-a-quick-guide,2025-06-23T16:12:17.625Z,2025-06,Using AI Right Now: A Quick Guide,false,true,2524,,1589,93,,everyone,posts_api
substack,substack:oneusefulthing,164909255,https://www.oneusefulthing.org/p/the-recent-history-of-ai-in-32-otters,2025-06-01T22:17:53.046Z,2025-06,The recent history of AI in 32 otters,false,true,1778,,580,70,,everyone,posts_api
substack,substack:oneusefulthing,163976275,https://www.oneusefulthing.org/p/making-ai-work-leadership-lab-and,2025-05-22T11:00:44.113Z,2025-05,"Making AI Work: Leadership, Lab, and Crowd",false,true,2718,,701,47,,everyone,posts_api
substack,substack:oneusefulthing,162507795,https://www.oneusefulthing.org/p/personality-and-persuasion,2025-05-01T04:00:00.591Z,2025-05,Personality and Persuasion,false,false,,,503,49,,everyone,archive_api
substack,substack:oneusefulthing,161512556,https://www.oneusefulthing.org/p/on-jagged-agi-o3-gemini-25-and-everything,2025-04-20T11:17:54.757Z,2025-04,"On Jagged AGI: o3, Gemini 2.5, and everything after",false,true,1789,,512,64,,everyone,posts_api
substack,substack:oneusefulthing,160168251,https://www.oneusefulthing.org/p/no-elephants-breakthroughs-in-image,2025-03-30T11:40:44.882Z,2025-03,No elephants: Breakthroughs in image generation,false,true,1453,,643,40,,everyone,posts_api
substack,substack:oneusefulthing,159529723,https://www.oneusefulthing.org/p/the-cybernetic-teammate,2025-03-22T11:39:02.941Z,2025-03,The Cybernetic Teammate,false,true,1315,,764,76,,everyone,posts_api
substack,substack:oneusefulthing,148596183,https://www.oneusefulthing.org/p/speaking-things-into-existence,2025-03-11T18:21:28.975Z,2025-03,Speaking things into existence,false,false,,,628,40,,everyone,archive_api
substack,substack:oneusefulthing,157729795,https://www.oneusefulthing.org/p/a-new-generation-of-ais-claude-37,2025-02-24T18:42:26.666Z,2025-02,A new generation of AIs: Claude 3.7 and Grok 3,false,true,2261,,764,72,,everyone,posts_api
substack,substack:oneusefulthing,156359450,https://www.oneusefulthing.org/p/the-end-of-search-the-beginning-of,2025-02-03T12:38:53.487Z,2025-02,"The End of Search, The Beginning of Research",false,false,,,923,52,,everyone,archive_api
substack,substack:oneusefulthing,155502334,https://www.oneusefulthing.org/p/which-ai-to-use-now-an-updated-opinionated,2025-01-26T12:45:48.726Z,2025-01,Which AI to Use Now: An Updated Opinionated Guide (Updated Again 2/15),false,true,2536,,970,118,,everyone,posts_api
substack,substack:oneusefulthing,154445396,https://www.oneusefulthing.org/p/prophecies-of-the-flood,2025-01-10T12:15:53.080Z,2025-01,Prophecies of the Flood,false,false,,,654,74,,everyone,archive_api
substack,substack:oneusefulthing,152031778,https://www.oneusefulthing.org/p/what-just-happened,2024-12-19T12:05:36.011Z,2024-12,What just happened,false,true,1965,,779,54,,everyone,posts_api
substack,substack:oneusefulthing,152600543,https://www.oneusefulthing.org/p/15-times-to-use-ai-and-5-not-to,2024-12-09T12:31:15.667Z,2024-12,"15 Times to use AI, and 5 Not to",false,true,1342,,1080,80,,everyone,posts_api
substack,substack:oneusefulthing,151953241,https://www.oneusefulthing.org/p/getting-started-with-ai-good-enough,2024-11-24T12:36:50.592Z,2024-11,Getting started with AI: Good enough prompting,false,true,1968,,967,58,,everyone,posts_api
substack,substack:oneusefulthing,151140006,https://www.oneusefulthing.org/p/the-present-future-ais-impact-long,2024-11-04T11:55:57.256Z,2024-11,The Present Future: AI's Impact Long Before Superintelligence,false,true,1297,,524,60,,everyone,posts_api
substack,substack:oneusefulthing,150385510,https://www.oneusefulthing.org/p/when-you-give-a-claude-a-mouse,2024-10-22T18:17:19.549Z,2024-10,When you give a Claude a mouse,false,true,1460,,442,29,,everyone,posts_api
substack,substack:oneusefulthing,150339904,https://www.oneusefulthing.org/p/thinking-like-an-ai,2024-10-20T11:32:37.574Z,2024-10,Thinking Like an AI,false,false,,,714,63,,everyone,archive_api
substack,substack:oneusefulthing,148908313,https://www.oneusefulthing.org/p/scaling-the-state-of-play-in-ai,2024-09-16T11:03:45.310Z,2024-09,Scaling: The State of Play in AI,false,false,,,561,38,,everyone,archive_api
substack,substack:oneusefulthing,148742683,https://www.oneusefulthing.org/p/something-new-on-openais-strawberry,2024-09-12T18:22:41.482Z,2024-09,"Something New: On OpenAI's ""Strawberry"" and Reasoning",false,true,950,,600,64,,everyone,posts_api
substack,substack:oneusefulthing,148166655,https://www.oneusefulthing.org/p/post-apocalyptic-education,2024-08-30T11:02:47.716Z,2024-08,Post-apocalyptic education,false,true,1401,,635,54,,everyone,posts_api
substack,substack:oneusefulthing,147599298,https://www.oneusefulthing.org/p/change-blindness,2024-08-12T03:38:45.546Z,2024-08,Change blindness,false,true,974,,541,33,,everyone,posts_api
substack,substack:oneusefulthing,147224786,https://www.oneusefulthing.org/p/on-speaking-to-ai,2024-08-01T11:31:03.952Z,2024-08,On speaking to AI,false,false,,,512,70,,everyone,archive_api
substack,substack:oneusefulthing,146043697,https://www.oneusefulthing.org/p/confronting-impossible-futures,2024-07-22T11:39:52.425Z,2024-07,Confronting Impossible Futures,false,true,2332,,327,48,,everyone,posts_api
substack,substack:oneusefulthing,146267567,https://www.oneusefulthing.org/p/gradually-then-suddenly-upon-the,2024-07-04T11:57:14.385Z,2024-07,"Gradually, then Suddenly: Upon the Threshold",false,true,1593,,534,69,,everyone,posts_api
substack,substack:oneusefulthing,144932334,https://www.oneusefulthing.org/p/latent-expertise-everyone-is-in-r,2024-06-20T11:23:55.809Z,2024-06,Latent Expertise: Everyone is in R&D,false,false,,,365,41,,everyone,archive_api
substack,substack:oneusefulthing,145524591,https://www.oneusefulthing.org/p/what-apples-ai-tells-us-experimental,2024-06-11T07:05:33.037Z,2024-06,What Apple's AI Tells Us: Experimental Models⁴,false,false,,,317,28,,everyone,archive_api
substack,substack:oneusefulthing,145215426,https://www.oneusefulthing.org/p/doing-stuff-with-ai-opinionated-midyear,2024-06-06T11:14:05.175Z,2024-06,Doing Stuff with AI: Opinionated Midyear Edition ,false,true,1982,,441,34,,everyone,posts_api
substack,substack:oneusefulthing,144896270,https://www.oneusefulthing.org/p/four-singularities-for-research,2024-05-26T11:14:46.772Z,2024-05,Four Singularities for Research,false,true,2016,,450,42,,everyone,posts_api
substack,substack:oneusefulthing,144604633,https://www.oneusefulthing.org/p/what-openai-did,2024-05-14T05:24:03.720Z,2024-05,What OpenAI did,false,false,,,584,60,,everyone,archive_api
substack,substack:oneusefulthing,144115962,https://www.oneusefulthing.org/p/superhuman,2024-05-12T11:33:42.872Z,2024-05,Superhuman?,false,true,2298,,288,45,,everyone,posts_api
substack,substack:oneusefulthing,144225642,https://www.oneusefulthing.org/p/freeing-the-chatbot,2024-05-02T15:01:36.380Z,2024-05,Freeing the chatbot,false,false,,,259,17,,everyone,archive_api
substack,substack:oneusefulthing,143832270,https://www.oneusefulthing.org/p/innovation-through-prompting,2024-04-22T11:05:52.352Z,2024-04,Innovation through prompting,false,true,1467,,366,26,,everyone,posts_api
substack,substack:oneusefulthing,143372526,https://www.oneusefulthing.org/p/what-just-happened-what-is-happening,2024-04-09T14:50:07.244Z,2024-04,"What just happened, what is happening next",false,true,1818,,405,45,,everyone,posts_api
substack,substack:oneusefulthing,142986337,https://www.oneusefulthing.org/p/on-the-necessity-of-a-sin,2024-03-30T14:44:44.185Z,2024-03,On the necessity of a sin,false,false,,,332,78,,everyone,archive_api
substack,substack:oneusefulthing,142537346,https://www.oneusefulthing.org/p/which-ai-should-i-use-superpowers,2024-03-18T10:26:16.510Z,2024-03,Which AI should I use? Superpowers and the State of Play,false,false,,,390,22,,everyone,archive_api
substack,substack:oneusefulthing,142565697,https://www.oneusefulthing.org/p/i-cyborg-using-co-intelligence,2024-03-14T09:57:15.544Z,2024-03,"I, Cyborg: Using Co-Intelligence",false,true,2037,,310,62,,everyone,posts_api
substack,substack:oneusefulthing,142279545,https://www.oneusefulthing.org/p/captains-log-the-irreducible-weirdness,2024-03-04T13:18:28.320Z,2024-03,Captain's log: the irreducible weirdness of prompting AIs,false,false,,,394,36,,everyone,archive_api
substack,substack:oneusefulthing,141849581,https://www.oneusefulthing.org/p/strategies-for-an-accelerating-future,2024-02-20T13:02:46.498Z,2024-02,Strategies for an Accelerating Future,false,true,1858,,389,34,,everyone,posts_api
substack,substack:oneusefulthing,140794140,https://www.oneusefulthing.org/p/google-gemini-advanced-tasting-notes,2024-02-08T13:02:23.833Z,2024-02,Google's Gemini Advanced: Tasting Notes and Implications,false,true,1787,,306,46,,everyone,posts_api
substack,substack:oneusefulthing,141221477,https://www.oneusefulthing.org/p/what-can-be-done-in-59-seconds-an,2024-01-31T12:30:30.501Z,2024-01,What Can be Done in 59 Seconds: An Opportunity (and a Crisis),false,true,1812,,367,49,,everyone,posts_api
substack,substack:oneusefulthing,140722866,https://www.oneusefulthing.org/p/the-lazy-tyranny-of-the-wait-calculation,2024-01-16T12:45:21.306Z,2024-01,The Lazy Tyranny of the Wait Calculation,false,false,,,406,36,,everyone,archive_api
substack,substack:oneusefulthing,140341342,https://www.oneusefulthing.org/p/signs-and-portents,2024-01-06T12:31:29.586Z,2024-01,Signs and Portents,false,true,2750,,438,39,,everyone,posts_api
substack,substack:oneusefulthing,139904539,https://www.oneusefulthing.org/p/an-ai-haunted-world,2023-12-19T12:09:30.366Z,2023-12,An AI Haunted World,false,false,,,349,29,,everyone,archive_api
substack,substack:oneusefulthing,139374255,https://www.oneusefulthing.org/p/an-opinionated-guide-to-which-ai,2023-12-07T12:10:35.259Z,2023-12,An Opinionated Guide to Which AI to Use: ChatGPT Anniversary Edition,false,false,,,394,33,,everyone,archive_api
substack,substack:oneusefulthing,138998139,https://www.oneusefulthing.org/p/reshaping-the-tree-rebuilding-organizations,2023-11-27T12:06:13.974Z,2023-11,Reshaping the tree: rebuilding organizations for AI,false,false,,,416,31,,everyone,archive_api
substack,substack:oneusefulthing,139008328,https://www.oneusefulthing.org/p/not-much-is-changing-a-lot-is-changing,2023-11-20T08:19:26.789Z,2023-11,"Not much is changing, a lot is changing",false,true,1398,,271,31,,everyone,posts_api
substack,substack:oneusefulthing,138655836,https://www.oneusefulthing.org/p/almost-an-agent-what-gpts-can-do,2023-11-07T12:31:32.643Z,2023-11,Almost an Agent: What GPTs can do,false,false,,,470,58,,everyone,archive_api
substack,substack:oneusefulthing,138388046,https://www.oneusefulthing.org/p/working-with-ai-two-paths-to-prompting,2023-11-01T11:33:12.009Z,2023-11,Working with AI: Two paths to prompting,false,true,3000,,586,32,,everyone,posts_api
substack,substack:oneusefulthing,137285312,https://www.oneusefulthing.org/p/the-best-available-human-standard,2023-10-22T11:12:24.332Z,2023-10,The Best Available Human Standard,false,false,,,335,33,,everyone,archive_api
substack,substack:oneusefulthing,137740541,https://www.oneusefulthing.org/p/what-people-ask-me-most-also-some,2023-10-12T05:51:47.248Z,2023-10,"What people ask me most. Also, some answers.",false,true,2341,,329,59,,everyone,posts_api
substack,substack:oneusefulthing,137461845,https://www.oneusefulthing.org/p/the-shape-of-the-shadow-of-the-thing,2023-10-03T16:00:14.435Z,2023-10,The shape of the shadow of The Thing,false,true,2172,,328,36,,everyone,posts_api
substack,substack:oneusefulthing,99943100,https://www.oneusefulthing.org/p/everyone-is-above-average,2023-09-24T11:33:08.600Z,2023-09,Everyone is above average,false,true,1460,,313,36,,everyone,posts_api
substack,substack:oneusefulthing,137082758,https://www.oneusefulthing.org/p/centaurs-and-cyborgs-on-the-jagged,2023-09-16T11:41:50.445Z,2023-09,Centaurs and Cyborgs on the Jagged Frontier,false,false,,,868,60,,everyone,archive_api
substack,substack:oneusefulthing,136737763,https://www.oneusefulthing.org/p/embracing-weirdness-what-it-means,2023-09-05T11:30:21.902Z,2023-09,Embracing weirdness: What it means to use AI as a (writing) tool,false,false,,,318,35,,everyone,archive_api
substack,substack:oneusefulthing,136211537,https://www.oneusefulthing.org/p/now-is-the-time-for-grimoires,2023-08-20T11:49:06.406Z,2023-08,Now is the time for grimoires,false,true,2242,,490,61,,everyone,posts_api
substack,substack:oneusefulthing,107916868,https://www.oneusefulthing.org/p/automating-creativity,2023-08-13T11:45:08.862Z,2023-08,Automating creativity,false,true,1731,,437,33,,everyone,posts_api
substack,substack:constructionphysics,216365394,https://www.construction-physics.com/p/reading-list-09192026,2026-09-19T12:03:09.096Z,2026-09,Reading List 09/19/2026,true,false,,,62,2,,only_paid,archive_api
substack,substack:constructionphysics,216009207,https://www.construction-physics.com/p/how-spacex-streamlined-the-raptor,2026-09-17T12:02:08.959Z,2026-09,How SpaceX Streamlined the Raptor Engine,false,false,,,273,21,,everyone,archive_api
substack,substack:constructionphysics,215360261,https://www.construction-physics.com/p/reading-list-09122026,2026-09-12T12:32:46.786Z,2026-09,Reading List — 09/12/2026,true,false,,,66,3,,only_paid,archive_api
substack,substack:constructionphysics,215094941,https://www.construction-physics.com/p/where-has-construction-automation,2026-09-11T12:04:09.623Z,2026-09,Where Has Construction Automation Been Successful?,false,true,3178,,176,28,,everyone,posts_api
substack,substack:constructionphysics,214224226,https://www.construction-physics.com/p/reading-list-09052026,2026-09-05T12:03:33.939Z,2026-09,Reading List - 09/05/2026,true,false,,,89,4,,only_paid,archive_api
substack,substack:constructionphysics,214056691,https://www.construction-physics.com/p/how-will-the-21st-century-road-to-21c,2026-09-03T19:20:13.357Z,2026-09,How Will the 21st Century ROAD to Housing Act Affect Housing Supply? Part III,false,true,2796,,80,8,,everyone,posts_api
substack,substack:constructionphysics,213205891,https://www.construction-physics.com/p/reading-list-082926,2026-08-29T12:03:07.653Z,2026-08,Reading List 08/29/26,true,false,,,88,,,only_paid,archive_api
substack,substack:constructionphysics,212909568,https://www.construction-physics.com/p/how-the-strategic-petroleum-reserve,2026-08-27T12:03:58.861Z,2026-08,How the Strategic Petroleum Reserve Works,false,false,,,249,22,,everyone,archive_api
substack,substack:constructionphysics,212205489,https://www.construction-physics.com/p/reading-list-082226,2026-08-22T12:02:58.049Z,2026-08,Reading List 08/22/26,true,false,,,72,2,,only_paid,archive_api
substack,substack:constructionphysics,211230482,https://www.construction-physics.com/p/reading-list-08152026,2026-08-15T12:02:38.090Z,2026-08,Reading List — 08/15/2026,true,false,,,96,1,,only_paid,archive_api
substack,substack:constructionphysics,211085605,https://www.construction-physics.com/p/how-will-the-21st-century-road-to,2026-08-14T12:03:37.097Z,2026-08,How Will the 21st Century ROAD to Housing Act Affect Housing Supply? Part II,false,false,,,96,10,,everyone,archive_api
substack,substack:constructionphysics,210274730,https://www.construction-physics.com/p/reading-list-08082026,2026-08-08T12:01:03.641Z,2026-08,Reading List 08/08/2026,true,false,,,105,1,,only_paid,archive_api
substack,substack:constructionphysics,209971973,https://www.construction-physics.com/p/what-will-the-21st-century-road-to,2026-08-06T12:02:32.037Z,2026-08,What Will the 21st Century ROAD to Housing Act Do for Housing Supply?,false,true,3016,,103,7,,everyone,posts_api
substack,substack:constructionphysics,209314638,https://www.construction-physics.com/p/reading-list-080126,2026-08-01T12:04:01.816Z,2026-08,Reading List 08/01/26,true,false,,,88,1,,only_paid,archive_api
substack,substack:constructionphysics,209023054,https://www.construction-physics.com/p/why-is-everyone-trying-to-build-a,2026-07-30T12:04:25.908Z,2026-07,Why Is Everyone Trying to Build a Solid-State Battery?,false,true,1766,,212,14,,everyone,posts_api
substack,substack:constructionphysics,208332263,https://www.construction-physics.com/p/reading-list-072526,2026-07-25T14:01:08.727Z,2026-07,Reading List 07/25/26,true,false,,,101,2,,only_paid,archive_api
substack,substack:constructionphysics,208195455,https://www.construction-physics.com/p/can-we-lower-construction-costs-with,2026-07-23T13:05:38.864Z,2026-07,Can We Lower Construction Costs with Cheaper Labor or Materials?,false,true,2864,,170,29,,everyone,posts_api
substack,substack:constructionphysics,207482429,https://www.construction-physics.com/p/reading-list-071826,2026-07-18T12:01:57.970Z,2026-07,Reading List 07/18/26,true,false,,,120,2,,only_paid,archive_api
substack,substack:constructionphysics,207208651,https://www.construction-physics.com/p/how-predictable-are-laws,2026-07-16T12:03:18.890Z,2026-07,How Predictable Are Laws?,false,false,,,164,21,,everyone,archive_api
substack,substack:constructionphysics,206502833,https://www.construction-physics.com/p/reading-list-071126,2026-07-11T12:01:33.483Z,2026-07,Reading List 07/11/26,true,false,,,111,2,,only_paid,archive_api
substack,substack:constructionphysics,204978767,https://www.construction-physics.com/p/reading-list-070426,2026-07-04T12:03:22.740Z,2026-07,Reading List 07/04/26,true,false,,,123,2,,only_paid,archive_api
substack,substack:constructionphysics,204736887,https://www.construction-physics.com/p/the-fall-and-rise-of-screwworm,2026-07-03T12:02:57.025Z,2026-07,The Fall and Rise of Screwworm,false,false,,,359,21,,everyone,archive_api
substack,substack:constructionphysics,203755873,https://www.construction-physics.com/p/reading-list-062726,2026-06-27T12:02:02.110Z,2026-06,Reading List 06/27/26,true,false,,,114,,,only_paid,archive_api
substack,substack:constructionphysics,203557251,https://www.construction-physics.com/p/us-subways-build-too-many-cross-passages,2026-06-25T13:55:49.638Z,2026-06,US Subways Build Too Many Cross Passages,false,false,,,181,10,,everyone,archive_api
substack,substack:constructionphysics,202762161,https://www.construction-physics.com/p/reading-list-062026,2026-06-20T12:01:56.125Z,2026-06,Reading List 06/20/26,true,false,,,112,,,only_paid,archive_api
substack,substack:constructionphysics,202624238,https://www.construction-physics.com/p/converting-coal-plants-to-natural,2026-06-19T12:03:02.199Z,2026-06,Converting Coal Plants to Natural Gas,false,true,1699,,165,7,,everyone,posts_api
substack,substack:constructionphysics,201796875,https://www.construction-physics.com/p/reading-list-06132026,2026-06-13T12:01:19.889Z,2026-06,Reading List 06/13/2026,true,false,,,111,1,,only_paid,archive_api
substack,substack:constructionphysics,201477524,https://www.construction-physics.com/p/biological-evolution-and-information,2026-06-11T12:01:31.902Z,2026-06,Biological Evolution and Information Acquisition,false,false,,,137,7,,everyone,archive_api
substack,substack:constructionphysics,200821094,https://www.construction-physics.com/p/reading-list-060626,2026-06-06T12:02:44.500Z,2026-06,Reading List 06/06/26,true,false,,,110,4,,only_paid,archive_api
substack,substack:constructionphysics,200626317,https://www.construction-physics.com/p/how-long-does-it-take-to-plan-a-bridge,2026-06-04T15:24:24.110Z,2026-06,How Long Does It Take to Plan a Bridge?,false,false,,,170,29,,everyone,archive_api
substack,substack:constructionphysics,199808936,https://www.construction-physics.com/p/reading-list-053026,2026-05-30T12:02:52.588Z,2026-05,Reading List 05/30/26,true,false,,,106,1,,only_paid,archive_api
substack,substack:constructionphysics,199505612,https://www.construction-physics.com/p/where-are-the-economies-of-scale,2026-05-28T12:03:26.117Z,2026-05,Where Are the Economies of Scale in Homebuilding?,false,true,4394,,239,56,,everyone,posts_api
substack,substack:constructionphysics,198894097,https://www.construction-physics.com/p/reading-list-052326,2026-05-23T12:02:39.383Z,2026-05,Reading List 05/23/26,true,false,,,97,,,only_paid,archive_api
substack,substack:constructionphysics,198615472,https://www.construction-physics.com/p/the-rise-of-build-to-rent-housing,2026-05-21T12:03:24.441Z,2026-05,The Rise of Build-to-Rent Housing,false,false,,,172,30,,everyone,archive_api
substack,substack:constructionphysics,197986012,https://www.construction-physics.com/p/reading-list-051626,2026-05-16T12:01:26.521Z,2026-05,Reading List 05/16/26,true,false,,,103,1,,only_paid,archive_api
substack,substack:constructionphysics,196949697,https://www.construction-physics.com/p/reading-list-05092026,2026-05-09T12:02:50.777Z,2026-05,Reading List 05/09/2026,true,false,,,98,9,,only_paid,archive_api
substack,substack:constructionphysics,196791402,https://www.construction-physics.com/p/how-long-do-we-wait-for-new-inventions,2026-05-07T15:23:28.750Z,2026-05,How Long Do We Wait for New Inventions?,false,false,,,748,77,,everyone,archive_api
substack,substack:constructionphysics,196159643,https://www.construction-physics.com/p/reading-list-05022026,2026-05-02T12:01:30.685Z,2026-05,Reading List 05/02/2026,true,false,,,97,,,only_paid,archive_api
substack,substack:constructionphysics,195919561,https://www.construction-physics.com/p/how-an-oil-refinery-works,2026-04-30T12:03:35.593Z,2026-04,How an Oil Refinery Works,false,true,2792,,487,3,,everyone,posts_api
substack,substack:constructionphysics,195444670,https://www.construction-physics.com/p/reading-list-042526,2026-04-25T14:16:17.375Z,2026-04,Reading List 04/25/26,true,false,,,52,,,only_paid,archive_api
substack,substack:constructionphysics,195170759,https://www.construction-physics.com/p/construction-costs-rarely-fall,2026-04-23T12:02:35.413Z,2026-04,Construction Costs Rarely Fall,false,false,,,186,19,,everyone,archive_api
substack,substack:constructionphysics,194563410,https://www.construction-physics.com/p/reading-list-04182026,2026-04-18T12:00:53.180Z,2026-04,Reading List 04/18/2026,true,false,,,104,1,,only_paid,archive_api
substack,substack:constructionphysics,193837895,https://www.construction-physics.com/p/reading-list-04112026,2026-04-11T12:02:56.026Z,2026-04,Reading List 04/11/2026,true,false,,,119,3,,only_paid,archive_api
substack,substack:constructionphysics,193615300,https://www.construction-physics.com/p/helium-is-hard-to-replace,2026-04-09T12:03:42.924Z,2026-04,Helium Is Hard to Replace,false,true,2155,,325,42,,everyone,posts_api
substack,substack:constructionphysics,193117828,https://www.construction-physics.com/p/reading-list-04042026,2026-04-04T12:01:48.397Z,2026-04,Reading List 04/04/2026,true,false,,,118,2,,only_paid,archive_api
substack,substack:constructionphysics,192899555,https://www.construction-physics.com/p/information-and-technological-evolution,2026-04-02T12:16:08.108Z,2026-04,Information and Technological Evolution,false,false,,,175,23,,everyone,archive_api
substack,substack:constructionphysics,192356860,https://www.construction-physics.com/p/reading-list-032826,2026-03-28T12:02:28.790Z,2026-03,Reading List 03/28/26,true,false,,,96,1,,only_paid,archive_api
substack,substack:constructionphysics,192242017,https://www.construction-physics.com/p/the-age-of-the-amplifier,2026-03-27T12:00:44.326Z,2026-03,The Age of the Amplifier,false,false,,,217,9,,everyone,archive_api
substack,substack:constructionphysics,191618332,https://www.construction-physics.com/p/reading-list-032126,2026-03-21T12:03:50.604Z,2026-03,Reading List 03/21/26,true,false,,,90,1,,only_paid,archive_api
substack,substack:constructionphysics,191398640,https://www.construction-physics.com/p/how-much-computing-power-is-in-a,2026-03-19T12:01:33.836Z,2026-03,How Much Computing Power is in a Data Center?,false,true,1273,,166,18,,everyone,posts_api
substack,substack:constructionphysics,190887954,https://www.construction-physics.com/p/reading-list-031426,2026-03-14T12:02:30.953Z,2026-03,Reading List 03/14/26,true,false,,,101,6,,only_paid,archive_api
substack,substack:constructionphysics,190659255,https://www.construction-physics.com/p/the-elusive-cost-savings-of-the-prefabricated,2026-03-12T12:03:45.118Z,2026-03,The Elusive Cost Savings of the Prefabricated Home,false,false,,,172,59,,everyone,archive_api
substack,substack:constructionphysics,190153934,https://www.construction-physics.com/p/reading-list-03072026,2026-03-07T13:03:12.081Z,2026-03,Reading List 03/07/2026,true,false,,,63,1,,only_paid,archive_api
substack,substack:constructionphysics,190032407,https://www.construction-physics.com/p/a-history-of-operation-breakthrough,2026-03-06T13:03:16.078Z,2026-03,A History of Operation Breakthrough,false,true,5950,,149,39,,everyone,posts_api
substack,substack:constructionphysics,189463557,https://www.construction-physics.com/p/reading-list-022826,2026-02-28T13:54:39.236Z,2026-02,Reading List 02/28/26,true,false,,,102,4,,only_paid,archive_api
substack,substack:constructionphysics,188709869,https://www.construction-physics.com/p/reading-list-022126,2026-02-21T13:37:44.602Z,2026-02,Reading List 02/21/26,true,false,,,118,2,,only_paid,archive_api
substack,substack:constructionphysics,188426977,https://www.construction-physics.com/p/is-the-future-aws-for-everything,2026-02-19T13:01:06.711Z,2026-02,Is the Future “AWS for Everything”?,false,true,2739,,196,30,,everyone,posts_api
substack,substack:constructionphysics,187905197,https://www.construction-physics.com/p/reading-list-021426,2026-02-14T13:01:32.096Z,2026-02,Reading list 02/14/26,true,false,,,46,1,,only_paid,archive_api
substack,substack:constructionphysics,187678076,https://www.construction-physics.com/p/trends-in-us-construction-productivity,2026-02-12T13:03:20.819Z,2026-02,Trends in US Construction Productivity,false,false,,,98,20,,everyone,archive_api
substack,substack:constructionphysics,187031551,https://www.construction-physics.com/p/reading-list-02062026,2026-02-06T13:03:43.039Z,2026-02,Reading List 02/06/2026,true,false,,,60,9,,only_paid,archive_api
substack,substack:constructionphysics,186357592,https://www.construction-physics.com/p/reading-list-for-01312026,2026-01-31T13:02:52.995Z,2026-01,Reading List for 01/31/2026,true,false,,,83,11,,only_paid,archive_api
substack,substack:constructionphysics,186134240,https://www.construction-physics.com/p/on-technologies-vs-commodities,2026-01-29T13:00:33.526Z,2026-01,On Technologies vs. Commodities,false,false,,,137,26,,everyone,archive_api
substack,substack:constructionphysics,185558454,https://www.construction-physics.com/p/reading-list-012426,2026-01-24T13:00:24.712Z,2026-01,Reading List 01/24/26,false,false,,,92,20,,everyone,archive_api
substack,substack:constructionphysics,185355006,https://www.construction-physics.com/p/do-commodities-get-cheaper-over-time,2026-01-22T13:02:46.886Z,2026-01,Do Commodities Get Cheaper Over Time?,false,false,,,135,45,,everyone,archive_api
substack,substack:constructionphysics,184813596,https://www.construction-physics.com/p/reading-list-01172026,2026-01-17T13:02:36.306Z,2026-01,Reading List 01/17/2026,true,false,,,44,2,,only_paid,archive_api
substack,substack:constructionphysics,184555855,https://www.construction-physics.com/p/the-surprisingly-long-life-of-the,2026-01-15T13:03:28.592Z,2026-01,The Surprisingly Long Life of the Vacuum Tube,false,true,2477,,151,25,,everyone,posts_api
substack,substack:constructionphysics,184064604,https://www.construction-physics.com/p/reading-list-1102026,2026-01-10T13:00:43.582Z,2026-01,Reading List 1/10/2026,true,false,,,45,5,,only_paid,archive_api
substack,substack:constructionphysics,183798275,https://www.construction-physics.com/p/how-did-tvs-get-so-cheap,2026-01-08T13:01:23.037Z,2026-01,How Did TVs Get So Cheap?,false,false,,,208,31,,everyone,archive_api
substack,substack:constructionphysics,183292164,https://www.construction-physics.com/p/reading-list-01032026,2026-01-03T13:02:46.693Z,2026-01,Reading List 01/03/2026,true,false,,,36,3,,only_paid,archive_api
substack,substack:constructionphysics,183075160,https://www.construction-physics.com/p/should-us-homebuilders-emulate-sweden,2026-01-01T13:03:05.328Z,2026-01,Should US homebuilders emulate Sweden?,false,true,1669,,146,82,,everyone,posts_api
substack,substack:constructionphysics,182436165,https://www.construction-physics.com/p/how-accurate-are-learning-curves,2025-12-24T13:02:40.456Z,2025-12,How Accurate Are Learning Curves?,false,true,1559,,104,21,,everyone,posts_api
substack,substack:constructionphysics,182104996,https://www.construction-physics.com/p/reading-list-122025,2025-12-20T13:01:26.544Z,2025-12,Reading List 12/20/25,true,false,,,62,3,,only_paid,archive_api
substack,substack:constructionphysics,181925303,https://www.construction-physics.com/p/how-bell-labs-won-its-first-nobel,2025-12-18T13:02:53.203Z,2025-12,How Bell Labs Won Its First Nobel Prize,false,false,,,130,13,,everyone,archive_api
substack,substack:constructionphysics,181470531,https://www.construction-physics.com/p/reading-list-12132025,2025-12-13T13:02:51.587Z,2025-12,Reading List 12/13/2025,true,false,,,47,2,,only_paid,archive_api
substack,substack:constructionphysics,181277604,https://www.construction-physics.com/p/stagnant-construction-productivity,2025-12-11T13:03:08.534Z,2025-12,Stagnant Construction Productivity Is a Worldwide Problem,false,false,,,112,106,,everyone,archive_api
substack,substack:constructionphysics,180834957,https://www.construction-physics.com/p/reading-list-12062025,2025-12-06T13:03:09.772Z,2025-12,Reading List 12/06/2025,true,false,,,36,3,,only_paid,archive_api
substack,substack:constructionphysics,180208127,https://www.construction-physics.com/p/reading-list-112925,2025-11-29T13:01:38.254Z,2025-11,Reading List 11/29/25,true,false,,,44,6,,only_paid,archive_api
substack,substack:constructionphysics,179954840,https://www.construction-physics.com/p/how-a-government-think-tank-trained,2025-11-26T13:02:38.914Z,2025-11,How a Government Think Tank Trained The First Generation of US Software Developers,false,true,1445,,132,15,,everyone,posts_api
substack,substack:constructionphysics,179600393,https://www.construction-physics.com/p/reading-list-112225,2025-11-22T13:01:31.844Z,2025-11,Reading List 11/22/25,true,false,,,54,4,,only_paid,archive_api
substack,substack:constructionphysics,179362350,https://www.construction-physics.com/p/how-asml-got-euv,2025-11-20T13:01:02.252Z,2025-11,How ASML Got EUV,false,true,3505,,135,20,,everyone,posts_api
substack,substack:constructionphysics,178926842,https://www.construction-physics.com/p/reading-list-111525,2025-11-15T13:00:48.891Z,2025-11,Reading List 11/15/25,true,false,,,72,10,,only_paid,archive_api
substack,substack:constructionphysics,178703981,https://www.construction-physics.com/p/what-is-a-production-process,2025-11-13T13:00:21.035Z,2025-11,What Is A Production Process?,false,false,,,84,15,,everyone,archive_api
substack,substack:constructionphysics,178304580,https://www.construction-physics.com/p/reading-list-1182025,2025-11-08T13:03:05.632Z,2025-11,Reading List 11/8/2025,true,false,,,57,3,,only_paid,archive_api
substack,substack:constructionphysics,177657551,https://www.construction-physics.com/p/strap-rail,2025-11-06T13:01:32.302Z,2025-11,Strap Rail,false,false,,,155,4,,everyone,archive_api
substack,substack:constructionphysics,177583232,https://www.construction-physics.com/p/reading-list-11012025,2025-11-01T12:02:52.917Z,2025-11,Reading List 11/01/2025,true,false,,,46,5,,only_paid,archive_api
substack,substack:constructionphysics,177311699,https://www.construction-physics.com/p/how-the-uk-lost-its-shipbuilding,2025-10-28T12:03:21.364Z,2025-10,How the UK Lost Its Shipbuilding Industry,false,false,,,171,28,,everyone,archive_api
substack,substack:constructionphysics,177047681,https://www.construction-physics.com/p/reading-list-102525,2025-10-25T12:00:50.356Z,2025-10,Reading List 10/25/25,true,false,,,58,11,,only_paid,archive_api
substack,substack:constructionphysics,176453274,https://www.construction-physics.com/p/reading-list-101825,2025-10-18T12:02:53.580Z,2025-10,Reading List 10/18/25,true,false,,,53,7,,only_paid,archive_api
substack,substack:constructionphysics,176288869,https://www.construction-physics.com/p/more-on-us-pedestrian-deaths,2025-10-16T12:49:00.208Z,2025-10,More on US Pedestrian Deaths,false,false,,,134,175,,everyone,archive_api
substack,substack:constructionphysics,176142548,https://www.construction-physics.com/p/my-book-the-origins-of-efficiency-7bf,2025-10-14T14:04:21.489Z,2025-10,"My Book, The Origins of Efficiency, is Out Today",false,false,,,173,22,,everyone,archive_api
substack,substack:constructionphysics,175838678,https://www.construction-physics.com/p/reading-list-10112025,2025-10-11T12:02:47.215Z,2025-10,Reading List 10/11/2025,true,false,,,44,2,,only_paid,archive_api
substack,substack:constructionphysics,175619659,https://www.construction-physics.com/p/why-are-so-many-pedestrians-killed,2025-10-09T12:03:49.344Z,2025-10,Why Are So Many Pedestrians Killed by Cars in the US?,false,true,2641,,199,222,,everyone,posts_api
substack,substack:constructionphysics,175229727,https://www.construction-physics.com/p/reading-list-10042025,2025-10-04T12:01:24.090Z,2025-10,Reading List 10/04/2025,true,false,,,51,2,,only_paid,archive_api
substack,substack:constructionphysics,174636572,https://www.construction-physics.com/p/reading-list-092725,2025-09-27T12:03:12.985Z,2025-09,Reading List 09/27/25,true,false,,,47,,,only_paid,archive_api
substack,substack:constructionphysics,174456787,https://www.construction-physics.com/p/how-common-is-accidental-invention,2025-09-25T12:01:14.847Z,2025-09,How Common Is Accidental Invention?,false,false,,,150,24,,everyone,archive_api
substack,substack:constructionphysics,174052002,https://www.construction-physics.com/p/reading-list-092025,2025-09-20T12:02:38.562Z,2025-09,Reading List 09/20/25,true,false,,,58,3,,only_paid,archive_api
substack,substack:constructionphysics,173889629,https://www.construction-physics.com/p/whats-happening-to-wholesale-electricity,2025-09-18T12:00:35.219Z,2025-09,What’s Happening to Wholesale Electricity Prices?,false,true,3188,,167,33,,everyone,posts_api
substack,substack:constructionphysics,173467486,https://www.construction-physics.com/p/reading-list-09132025,2025-09-13T12:02:41.922Z,2025-09,Reading List 09/13/2025,true,false,,,51,2,,only_paid,archive_api
substack,substack:constructionphysics,173288277,https://www.construction-physics.com/p/an-engineering-history-of-the-manhattan,2025-09-11T12:02:56.988Z,2025-09,An Engineering History of the Manhattan Project,false,true,10117,,205,25,,everyone,posts_api
substack,substack:constructionphysics,172906375,https://www.construction-physics.com/p/reading-list-09062025,2025-09-06T12:00:27.656Z,2025-09,Reading List 09/06/2025,true,false,,,81,3,,only_paid,archive_api
substack,substack:constructionphysics,172338401,https://www.construction-physics.com/p/i-was-wrong-about-data-center-water,2025-08-30T14:01:49.925Z,2025-08,I Was Wrong About Data Center Water Consumption,false,false,,,238,42,,everyone,archive_api
substack,substack:constructionphysics,172121254,https://www.construction-physics.com/p/ford-and-the-birth-of-the-model-t,2025-08-28T12:01:06.413Z,2025-08,Ford and the Birth of the Model T,false,false,,,158,2,,everyone,archive_api
substack,substack:constructionphysics,171692141,https://www.construction-physics.com/p/reading-list-082325,2025-08-23T12:02:26.082Z,2025-08,Reading List 08/23/25,true,false,,,84,3,,only_paid,archive_api
substack,substack:constructionphysics,171507861,https://www.construction-physics.com/p/how-does-the-us-use-water,2025-08-21T12:02:31.075Z,2025-08,How Does the US Use Water?,false,false,,,207,31,,everyone,archive_api
substack,substack:constructionphysics,171088604,https://www.construction-physics.com/p/reading-list-081625,2025-08-16T12:00:52.735Z,2025-08,Reading List 08/16/25,true,false,,,93,3,,only_paid,archive_api
substack,substack:constructionphysics,170794546,https://www.construction-physics.com/p/my-book-the-origins-of-efficiency,2025-08-12T15:08:49.247Z,2025-08,"My Book ""The Origins of Efficiency"" is Now Available for Preorder",false,true,1623,,276,43,,everyone,posts_api
substack,substack:constructionphysics,170483481,https://www.construction-physics.com/p/reading-list-08092025,2025-08-09T12:01:40.402Z,2025-08,Reading List 08/09/2025,true,false,,,86,5,,only_paid,archive_api
substack,substack:constructionphysics,170359930,https://www.construction-physics.com/p/group-technology-the-forgotten-cousin,2025-08-07T13:31:04.432Z,2025-08,"Group Technology, the Forgotten Cousin of Lean Manufacturing",false,true,1593,,144,16,,everyone,posts_api
substack,substack:constructionphysics,169876833,https://www.construction-physics.com/p/reading-list-08022025,2025-08-02T12:01:37.278Z,2025-08,Reading List 08/02/2025,true,false,,,36,1,,only_paid,archive_api
substack,substack:constructionphysics,169261977,https://www.construction-physics.com/p/reading-list-072625,2025-07-26T12:00:26.202Z,2025-07,Reading List 07/26/25,true,false,,,54,2,,only_paid,archive_api
substack,substack:constructionphysics,169073658,https://www.construction-physics.com/p/where-are-vacation-homes-located,2025-07-24T12:02:43.939Z,2025-07,Where are Vacation Homes Located in the US?,false,false,,,149,39,,everyone,archive_api
substack,substack:constructionphysics,168672777,https://www.construction-physics.com/p/reading-list-071925,2025-07-19T12:00:18.312Z,2025-07,Reading List 07/19/25,true,false,,,29,2,,only_paid,archive_api
substack,substack:constructionphysics,168603825,https://www.construction-physics.com/p/how-china-became-the-worlds-biggest,2025-07-18T12:02:36.525Z,2025-07,How China Became the World’s Biggest Shipbuilder,false,true,7041,,151,10,,everyone,posts_api
substack,substack:constructionphysics,168104285,https://www.construction-physics.com/p/reading-list-07122025,2025-07-12T12:02:17.762Z,2025-07,Reading List 07/12/2025,true,false,,,48,1,,only_paid,archive_api
substack,substack:constructionphysics,167934122,https://www.construction-physics.com/p/should-the-federal-government-sell,2025-07-10T12:01:59.619Z,2025-07,Should the Federal Government Sell Land?,false,false,,,124,52,,everyone,archive_api
substack,substack:constructionphysics,167584231,https://www.construction-physics.com/p/reading-list-07052025,2025-07-05T13:18:34.098Z,2025-07,Reading List 07/05/2025,true,false,,,52,4,,only_paid,archive_api
substack,substack:constructionphysics,167036149,https://www.construction-physics.com/p/reading-list-062825,2025-06-28T12:02:27.671Z,2025-06,Reading List 06/28/25,true,false,,,89,4,,only_paid,archive_api
substack,substack:constructionphysics,166891395,https://www.construction-physics.com/p/why-are-homes-in-western-states-so,2025-06-26T13:06:04.839Z,2025-06,Why Are Homes in Western States So Expensive?,false,false,,,187,63,,everyone,archive_api
substack,substack:constructionphysics,166426126,https://www.construction-physics.com/p/reading-list-for-06212025,2025-06-21T12:01:23.008Z,2025-06,Reading List for 06/21/2025,true,false,,,47,12,,only_paid,archive_api
substack,substack:constructionphysics,166268138,https://www.construction-physics.com/p/batteries-are-making-the-electrical,2025-06-19T12:02:34.444Z,2025-06,How Batteries Are Making the Electrical Grid More Reliable,false,true,2859,,172,42,,everyone,posts_api
substack,substack:constructionphysics,165899702,https://www.construction-physics.com/p/reading-list-for-061425,2025-06-14T12:02:20.083Z,2025-06,Reading List for 06/14/25,true,false,,,45,2,,only_paid,archive_api
substack,substack:constructionphysics,165361208,https://www.construction-physics.com/p/reading-list-for-06072025,2025-06-07T12:00:56.699Z,2025-06,Reading List for 06/07/2025,true,false,,,54,4,,only_paid,archive_api
substack,substack:constructionphysics,165223431,https://www.construction-physics.com/p/how-often-do-inventions-have-multiple,2025-06-05T12:03:04.359Z,2025-06,How Common Is Multiple Invention?,false,false,,,144,33,,everyone,archive_api
substack,substack:constructionphysics,164833370,https://www.construction-physics.com/p/reading-list-for-05312025,2025-05-31T12:02:18.617Z,2025-05,Reading List for 05/31/2025,true,false,,,45,5,,only_paid,archive_api
substack,substack:constructionphysics,164651904,https://www.construction-physics.com/p/can-we-afford-large-scale-solar-pv,2025-05-29T12:02:28.426Z,2025-05,Can We Afford Large-Scale Solar PV?,false,true,2360,,150,135,,everyone,posts_api
substack,substack:constructionphysics,164258077,https://www.construction-physics.com/p/reading-list-052425,2025-05-24T12:01:45.090Z,2025-05,Reading List 05/24/25,true,false,,,37,2,,only_paid,archive_api
substack,substack:constructionphysics,164081807,https://www.construction-physics.com/p/how-japan-invented-modern-shipbuilding,2025-05-22T12:02:58.057Z,2025-05,Japan and the Birth of Modern Shipbuilding,false,false,,,159,17,,everyone,archive_api
substack,substack:constructionphysics,163735558,https://www.construction-physics.com/p/reading-list-051725,2025-05-17T12:02:39.699Z,2025-05,Reading List for 05/17/2025,true,false,,,53,1,,only_paid,archive_api
substack,substack:constructionphysics,163597732,https://www.construction-physics.com/p/fixing-naval-ship-acquisition,2025-05-15T12:02:39.385Z,2025-05,Improving Naval Ship Acquisition,false,false,,,129,19,,everyone,archive_api
substack,substack:constructionphysics,163233594,https://www.construction-physics.com/p/reading-list-05102025,2025-05-10T12:02:06.895Z,2025-05,Reading List 05/10/2025,true,false,,,50,1,,only_paid,archive_api
substack,substack:constructionphysics,162982470,https://www.construction-physics.com/p/how-the-us-built-5000-ships-in-wwii,2025-05-07T12:02:49.156Z,2025-05,"How the US Built 5,000 Ships in WWII",false,true,7124,,179,32,,everyone,posts_api
substack,substack:constructionphysics,162712442,https://www.construction-physics.com/p/reading-list-050325,2025-05-03T12:02:08.930Z,2025-05,Reading List 05/03/25,true,false,,,52,2,,only_paid,archive_api
substack,substack:constructionphysics,162158671,https://www.construction-physics.com/p/reading-list-042625,2025-04-26T12:00:44.377Z,2025-04,Reading List 04/26/25,true,false,,,36,2,,only_paid,archive_api
substack,substack:constructionphysics,162039537,https://www.construction-physics.com/p/robot-dexterity-still-seems-hard,2025-04-24T12:18:00.187Z,2025-04,Robot Dexterity Still Seems Hard,false,true,3077,,218,52,,everyone,posts_api
substack,substack:constructionphysics,161633759,https://www.construction-physics.com/p/reading-list-041925,2025-04-19T12:02:36.455Z,2025-04,Reading List 04/19/25,true,false,,,38,,,only_paid,archive_api
substack,substack:constructionphysics,161535268,https://www.construction-physics.com/p/50-things-ive-learned-writing-construction,2025-04-17T13:05:27.663Z,2025-04,50 Things I’ve Learned Writing Construction Physics,false,false,,,509,35,,everyone,archive_api
substack,substack:constructionphysics,160964083,https://www.construction-physics.com/p/reading-list-04122025,2025-04-12T12:02:38.627Z,2025-04,Reading List 04/12/2025,true,false,,,53,3,,only_paid,archive_api
substack,substack:constructionphysics,160964790,https://www.construction-physics.com/p/understanding-us-power-outages,2025-04-10T12:03:21.728Z,2025-04,Understanding US Power Outages,false,false,,,100,13,,everyone,archive_api
substack,substack:constructionphysics,160641207,https://www.construction-physics.com/p/reading-list-0452025,2025-04-05T12:01:25.715Z,2025-04,Reading List 04/5/2025,true,false,,,47,1,,only_paid,archive_api
substack,substack:constructionphysics,160091798,https://www.construction-physics.com/p/reading-list-032925,2025-03-29T12:02:22.427Z,2025-03,Reading List 03/29/25,true,false,,,48,3,,only_paid,archive_api
substack,substack:constructionphysics,159838849,https://www.construction-physics.com/p/who-wins-nobel-prizes,2025-03-26T12:02:16.411Z,2025-03,Who Wins Nobel Prizes?,false,true,2711,,109,19,,everyone,posts_api
substack,substack:constructionphysics,159576684,https://www.construction-physics.com/p/reading-list-032225,2025-03-22T12:02:41.280Z,2025-03,Reading List 03/22/25,true,false,,,64,3,,only_paid,archive_api
substack,substack:constructionphysics,159434840,https://www.construction-physics.com/p/understanding-solar-energy,2025-03-20T12:03:41.520Z,2025-03,Understanding Solar Energy,false,false,,,412,140,,everyone,archive_api
substack,substack:constructionphysics,159088347,https://www.construction-physics.com/p/reading-list-031525,2025-03-15T12:02:49.529Z,2025-03,Reading List 03/15/25,true,false,,,44,3,,only_paid,archive_api
substack,substack:constructionphysics,158614311,https://www.construction-physics.com/p/reading-list-03082025,2025-03-08T13:02:16.935Z,2025-03,Reading List 03/08/2025,true,false,,,44,4,,only_paid,archive_api
substack,substack:constructionphysics,158474616,https://www.construction-physics.com/p/will-boom-successfully-build-a-supersonic,2025-03-06T13:03:17.613Z,2025-03,Will Boom Successfully Build a Supersonic Airliner?,false,true,4674,,155,68,,everyone,posts_api
substack,substack:constructionphysics,158170548,https://www.construction-physics.com/p/reading-list-030125,2025-03-01T14:23:51.645Z,2025-03,Reading List 03/01/25,true,false,,,34,2,,only_paid,archive_api
substack,substack:constructionphysics,158080744,https://www.construction-physics.com/p/why-its-so-hard-to-build-a-jet-engine,2025-02-28T13:02:57.871Z,2025-02,Why It's So Hard to Build a Jet Engine,false,false,,,424,65,,everyone,archive_api
substack,substack:constructionphysics,157659125,https://www.construction-physics.com/p/reading-list-022225,2025-02-22T13:02:11.584Z,2025-02,Reading list 02/22/25,true,false,,,56,,,only_paid,archive_api
substack,substack:constructionphysics,157159864,https://www.construction-physics.com/p/reading-list-021525,2025-02-15T13:02:18.324Z,2025-02,Reading List 02/15/25,true,false,,,46,2,,only_paid,archive_api
substack,substack:constructionphysics,156995441,https://www.construction-physics.com/p/how-will-the-trump-tariffs-affect,2025-02-12T14:41:52.435Z,2025-02,How Will the Trump Tariffs Affect Construction?,false,true,2578,,115,6,,everyone,posts_api
substack,substack:constructionphysics,156706440,https://www.construction-physics.com/p/reading-list-02082025,2025-02-08T13:02:47.064Z,2025-02,Reading List 02/08/2025,true,false,,,41,5,,only_paid,archive_api
substack,substack:constructionphysics,156487831,https://www.construction-physics.com/p/inside-the-interconnection-queue,2025-02-05T13:03:37.575Z,2025-02,Inside the Interconnection Queue,false,true,1891,,168,26,,everyone,posts_api
substack,substack:constructionphysics,156202800,https://www.construction-physics.com/p/reading-list-02012025,2025-02-01T13:02:28.481Z,2025-02,Reading List 02/01/2025,true,false,,,67,1,,only_paid,archive_api
substack,substack:constructionphysics,155655484,https://www.construction-physics.com/p/reading-list-12525,2025-01-25T13:02:04.136Z,2025-01,Reading List 1/25/25,true,false,,,72,1,,only_paid,archive_api
substack,substack:constructionphysics,155462314,https://www.construction-physics.com/p/why-is-homeowners-insurance-getting,2025-01-23T13:03:20.012Z,2025-01,Why Is Homeowners Insurance Getting So Expensive?,false,true,2741,,183,105,,everyone,posts_api
substack,substack:constructionphysics,155044991,https://www.construction-physics.com/p/reading-list-011825,2025-01-18T13:01:14.144Z,2025-01,Reading List 01/18/25,true,false,,,59,4,,only_paid,archive_api
substack,substack:constructionphysics,154617516,https://www.construction-physics.com/p/why-skyscrapers-became-glass-boxes,2025-01-13T13:02:41.591Z,2025-01,Why Skyscrapers Became Glass Boxes,false,false,,,340,51,,everyone,archive_api
substack,substack:constructionphysics,154569319,https://www.construction-physics.com/p/reading-list-11125,2025-01-11T13:02:22.775Z,2025-01,Reading List 1/11/25,true,false,,,71,7,,only_paid,archive_api
substack,substack:constructionphysics,154108357,https://www.construction-physics.com/p/reading-list-01042025,2025-01-04T13:01:50.069Z,2025-01,Reading List 01/04/2025,true,false,,,54,1,,only_paid,archive_api
substack,substack:constructionphysics,153855853,https://www.construction-physics.com/p/morris-chang-and-the-origins-of-tsmc,2024-12-31T14:40:44.828Z,2024-12,Morris Chang and the Origins of TSMC,false,false,,,287,22,,everyone,archive_api
substack,substack:constructionphysics,153696376,https://www.construction-physics.com/p/reading-list-122824,2024-12-28T13:01:30.169Z,2024-12,Reading List 12/28/24,true,false,,,54,3,,only_paid,archive_api
substack,substack:constructionphysics,153451467,https://www.construction-physics.com/p/reading-list-12212024,2024-12-21T13:47:36.205Z,2024-12,Reading List 12/21/2024,true,false,,,51,3,,only_paid,archive_api
substack,substack:constructionphysics,153394088,https://www.construction-physics.com/p/energy-cheat-sheet,2024-12-20T13:01:09.982Z,2024-12,Energy Cheat Sheet,false,false,,,696,82,,everyone,archive_api
substack,substack:constructionphysics,153092668,https://www.construction-physics.com/p/reading-list-121424,2024-12-14T13:01:03.038Z,2024-12,Reading List 12/14/24,true,false,,,73,8,,only_paid,archive_api
substack,substack:constructionphysics,153019685,https://www.construction-physics.com/p/what-learning-by-doing-looks-like,2024-12-12T13:48:11.005Z,2024-12,What Learning by Doing Looks Like,false,true,6447,,143,14,,everyone,posts_api
substack,substack:constructionphysics,152679357,https://www.construction-physics.com/p/reading-list-120724,2024-12-07T13:02:35.671Z,2024-12,Reading List 12/07/24,true,false,,,44,2,,only_paid,archive_api
substack,substack:constructionphysics,152249736,https://www.construction-physics.com/p/reading-list-for-113024,2024-11-30T13:01:52.694Z,2024-11,Reading List 11/30/24,true,false,,,44,,,only_paid,archive_api
substack,substack:constructionphysics,152249043,https://www.construction-physics.com/p/how-we-got-the-lithium-ion-battery,2024-11-29T13:01:20.876Z,2024-11,How We Got the Lithium-ion Battery,false,false,,,271,15,,everyone,archive_api
substack,substack:constructionphysics,151891861,https://www.construction-physics.com/p/reading-list-for-112324,2024-11-23T13:01:59.089Z,2024-11,Reading List 11/23/24,true,false,,,43,1,,only_paid,archive_api
substack,substack:constructionphysics,151890432,https://www.construction-physics.com/p/how-good-are-american-roads,2024-11-20T13:02:30.572Z,2024-11,How Good Are American Roads?,false,false,,,142,46,,everyone,archive_api
substack,substack:constructionphysics,151715401,https://www.construction-physics.com/p/reading-list-111624,2024-11-16T13:01:33.957Z,2024-11,Reading List 11/16/24,true,false,,,5,1,,only_paid,archive_api
substack,substack:constructionphysics,151672861,https://www.construction-physics.com/p/the-influence-of-bell-labs,2024-11-15T13:01:58.151Z,2024-11,The Influence of Bell Labs,false,false,,,209,24,,everyone,archive_api
substack,substack:constructionphysics,151344068,https://www.construction-physics.com/p/reading-list-for-11924,2024-11-09T13:01:11.088Z,2024-11,Reading List 11/9/24,true,false,,,11,,,only_paid,archive_api
substack,substack:constructionphysics,151342945,https://www.construction-physics.com/p/does-all-semiconductor-manufacturing,2024-11-08T13:01:30.959Z,2024-11,Does All Semiconductor Manufacturing Depend on Spruce Pine Quartz?,false,true,2185,,186,16,,everyone,posts_api
substack,substack:constructionphysics,151003731,https://www.construction-physics.com/p/how-china-is-like-the-19th-century,2024-11-01T12:03:35.297Z,2024-11,How China Is Like the 19th Century U.S.,false,true,5969,,219,23,,everyone,posts_api
substack,substack:constructionphysics,150584391,https://www.construction-physics.com/p/will-the-china-cycle-come-for-airbus,2024-10-23T12:01:33.784Z,2024-10,Will the China Cycle Come for Airbus and Boeing?,false,true,4627,,169,49,,everyone,posts_api
substack,substack:constructionphysics,150584004,https://www.construction-physics.com/p/chinese-commercial-aircraft-reading,2024-10-23T11:59:53.194Z,2024-10,Chinese Commercial Aircraft Reading List,true,false,,,2,,,only_paid,archive_api
substack,substack:constructionphysics,149929686,https://www.construction-physics.com/p/port-automation-reading-list,2024-10-08T12:00:44.109Z,2024-10,Port Automation Reading List,true,false,,,7,,,only_paid,archive_api
substack,substack:constructionphysics,149929827,https://www.construction-physics.com/p/do-us-ports-need-more-automation,2024-10-08T12:00:25.489Z,2024-10,Do U.S. Ports Need More Automation?,false,true,2801,,227,25,,everyone,posts_api
substack,substack:constructionphysics,149401395,https://www.construction-physics.com/p/why-the-us-cant-build-icebreaking,2024-09-26T12:04:04.274Z,2024-09,Why the U.S. Can’t Build Icebreaking Ships,false,false,,,218,66,,everyone,archive_api
substack,substack:constructionphysics,149400952,https://www.construction-physics.com/p/shipbuilding-and-icebreakers-reading,2024-09-26T12:03:34.777Z,2024-09,Shipbuilding and Icebreakers Reading List,true,false,,,6,,,only_paid,archive_api
substack,substack:constructionphysics,148973755,https://www.construction-physics.com/p/born-sleeping,2024-09-17T12:02:48.349Z,2024-09,Born Sleeping,false,false,,,459,96,,everyone,archive_api
substack,substack:constructionphysics,148783444,https://www.construction-physics.com/p/the-long-road-to-fiber-optics,2024-09-12T12:00:37.612Z,2024-09,The Long Road to Fiber Optics,false,false,,,190,15,,everyone,archive_api
substack,substack:constructionphysics,148503520,https://www.construction-physics.com/p/why-cant-the-us-build-ships,2024-09-05T12:00:26.888Z,2024-09,Why Can't the U.S. Build Ships?,false,true,4043,,334,36,,everyone,posts_api
substack,substack:constructionphysics,147930799,https://www.construction-physics.com/p/how-to-build-a-50000-ton-forging,2024-08-21T12:03:01.048Z,2024-08,"How to Build a 50,000 Ton Forging Press",false,true,2862,,262,22,,everyone,posts_api
substack,substack:constructionphysics,147663464,https://www.construction-physics.com/p/is-land-use-regulation-holding-back,2024-08-13T13:08:07.269Z,2024-08,Is Land-Use Regulation Holding Back Construction Productivity?,false,true,2015,,110,18,,everyone,posts_api
substack,substack:constructionphysics,147463027,https://www.construction-physics.com/p/how-california-turned-against-growth,2024-08-08T12:01:23.666Z,2024-08,How California Turned Against Growth,false,false,,,218,43,,everyone,archive_api
substack,substack:constructionphysics,147462292,https://www.construction-physics.com/p/california-growth-reading-list,2024-08-07T20:05:32.622Z,2024-08,California Growth Reading List,true,false,,,2,,,only_paid,archive_api
substack,substack:constructionphysics,146976279,https://www.construction-physics.com/p/why-levittown-didnt-revolutionize,2024-07-25T10:00:29.299Z,2024-07,Why Levittown Didn't Revolutionize Homebuilding,false,true,4646,,159,44,,everyone,posts_api
substack,substack:constructionphysics,146749385,https://www.construction-physics.com/p/what-would-it-take-to-recreate-bell,2024-07-18T13:33:28.077Z,2024-07,What Would It Take to Recreate Bell Labs?,false,false,,,185,46,,everyone,archive_api
substack,substack:constructionphysics,146748869,https://www.construction-physics.com/p/bell-labs-reading-list,2024-07-18T12:43:39.958Z,2024-07,Bell Labs Reading List,true,false,,,6,,,only_paid,archive_api
substack,substack:constructionphysics,146245812,https://www.construction-physics.com/p/building-the-bell-system,2024-07-03T14:17:59.561Z,2024-07,Building the Bell System,false,true,2804,,220,28,,everyone,posts_api
substack,substack:constructionphysics,145994276,https://www.construction-physics.com/p/will-we-ever-get-fusion-power,2024-06-26T12:01:51.223Z,2024-06,Will We Ever Get Fusion Power?,false,false,,,301,88,,everyone,archive_api
substack,substack:constructionphysics,145994094,https://www.construction-physics.com/p/fusion-power-reading-list,2024-06-25T20:24:52.543Z,2024-06,Fusion Power Reading List,true,false,,,6,,,only_paid,archive_api
substack,substack:constructionphysics,145504549,https://www.construction-physics.com/p/how-to-build-an-ai-data-center,2024-06-10T16:07:16.482Z,2024-06,How to Build an AI Data Center,false,true,3983,,425,36,,everyone,posts_api
substack,substack:constructionphysics,145165545,https://www.construction-physics.com/p/the-shape-of-nuclear-policy,2024-05-31T13:31:14.753Z,2024-05,The Shape of Nuclear Policy,false,false,,,97,33,,everyone,archive_api
substack,substack:constructionphysics,144851894,https://www.construction-physics.com/p/how-to-build-300000-airplanes-in,2024-05-23T12:03:35.745Z,2024-05,"How to Build 300,000 Airplanes in Five Years",false,false,,,375,56,,everyone,archive_api
substack,substack:constructionphysics,144504287,https://www.construction-physics.com/p/will-stone-replace-steel-and-concrete,2024-05-10T14:04:03.357Z,2024-05,Will Stone Replace Steel and Concrete?,false,true,2957,,127,22,,everyone,posts_api
substack,substack:constructionphysics,144258970,https://www.construction-physics.com/p/how-to-build-a-20-billion-semiconductor,2024-05-03T12:00:54.240Z,2024-05,How to Build a $20 Billion Semiconductor Fab,false,true,6185,,467,42,,everyone,posts_api
substack,substack:constructionphysics,144258888,https://www.construction-physics.com/p/semiconductor-fab-reading-list,2024-05-03T01:28:12.783Z,2024-05,Semiconductor fab reading list,true,false,,,17,1,,only_paid,archive_api
substack,substack:constructionphysics,143671743,https://www.construction-physics.com/p/the-katerra-team-rides-again-onx,2024-04-17T12:31:43.601Z,2024-04,The Katerra Team Rides Again: ONX Homes,false,true,2013,,89,19,,everyone,posts_api
substack,substack:constructionphysics,143414815,https://www.construction-physics.com/p/what-progress-has-icon-made-on-3d,2024-04-09T13:10:00.080Z,2024-04,What Progress Has Icon Made on 3D-Printed Homes?,false,false,,,62,26,,everyone,archive_api
substack,substack:constructionphysics,143167718,https://www.construction-physics.com/p/what-makes-housing-so-expensive,2024-04-02T13:00:08.821Z,2024-04,What Makes Housing So Expensive?,false,false,,,226,47,,everyone,archive_api
substack,substack:constructionphysics,142945329,https://www.construction-physics.com/p/why-did-supersonic-airliners-fail,2024-03-26T12:01:03.511Z,2024-03,Why Did Supersonic Airliners Fail?,false,false,,,167,40,,everyone,archive_api
substack,substack:constructionphysics,142945235,https://www.construction-physics.com/p/supersonic-air-travel-recommended,2024-03-25T16:19:33.438Z,2024-03,Supersonic Air Travel Recommended Reading,true,false,,,4,,,only_paid,archive_api
substack,substack:constructionphysics,142559053,https://www.construction-physics.com/p/mass-timber-is-great-but-it-will,2024-03-13T12:01:44.879Z,2024-03,"Mass Timber is Great, but It Will Not Solve the Housing Shortage",false,true,2204,,77,24,,everyone,posts_api
substack,substack:constructionphysics,142268420,https://www.construction-physics.com/p/why-is-it-so-hard-to-build-an-airport,2024-03-04T13:02:05.243Z,2024-03,Why Is It So Hard to Build an Airport?,false,false,,,145,31,,everyone,archive_api
substack,substack:constructionphysics,142268357,https://www.construction-physics.com/p/airport-reading-list,2024-03-03T16:35:05.035Z,2024-03,Airport Reading List,true,false,,,,,,only_paid,archive_api
substack,substack:constructionphysics,141825730,https://www.construction-physics.com/p/how-i-write-posts,2024-02-19T16:26:52.831Z,2024-02,How I Write Posts,false,true,3612,,179,21,,everyone,posts_api
substack,substack:constructionphysics,141433052,https://www.construction-physics.com/p/how-valuable-are-building-methods,2024-02-06T16:22:11.446Z,2024-02,How Valuable Are Building Methods That Use Fewer Materials?,false,true,1920,,74,17,,everyone,posts_api
substack,substack:constructionphysics,141239420,https://www.construction-physics.com/p/a-cycle-of-misery-the-business-of,2024-01-31T16:13:08.166Z,2024-01,A Cycle of Misery: The Business of Building Commercial Aircraft,false,false,,,167,46,,everyone,archive_api
substack,substack:constructionphysics,141239909,https://www.construction-physics.com/p/boeing-reading-list,2024-01-31T16:11:54.968Z,2024-01,Boeing Reading List,true,false,,,2,,,only_paid,archive_api
substack,substack:constructionphysics,140844362,https://www.construction-physics.com/p/machine-tool-reading-list,2024-01-19T17:26:00.491Z,2024-01,Machine Tool Reading List,true,false,,,,,,only_paid,archive_api
substack,substack:constructionphysics,140809402,https://www.construction-physics.com/p/what-happened-to-the-us-machine-tool,2024-01-18T17:02:47.246Z,2024-01,What Happened to the US Machine Tool Industry?,false,true,3648,,267,47,,everyone,posts_api
substack,substack:constructionphysics,140547221,https://www.construction-physics.com/p/what-progress-has-there-been-in-industrial,2024-01-10T13:51:47.731Z,2024-01,What Progress Has There Been in Industrial Robots?,false,false,,,105,5,,everyone,archive_api
substack,substack:constructionphysics,140386639,https://www.construction-physics.com/p/on-yglesias-on-manufactured-homes,2024-01-05T14:11:41.580Z,2024-01,On Yglesias on Manufactured Homes,false,true,1990,,104,21,,everyone,posts_api
substack,substack:constructionphysics,140174766,https://www.construction-physics.com/p/no-inventions-no-innovations-a-history,2023-12-29T16:47:51.973Z,2023-12,"“No inventions; no innovations,"" a History of US Steel",false,true,3974,,197,25,,everyone,posts_api
substack,substack:constructionphysics,139921386,https://www.construction-physics.com/p/building-apollo,2023-12-19T15:17:03.636Z,2023-12,Building Apollo,false,false,,,101,5,,everyone,archive_api
substack,substack:constructionphysics,139589912,https://www.construction-physics.com/p/which-construction-tasks-have-gotten,2023-12-07T16:07:09.437Z,2023-12,Which Construction Tasks Have Gotten Cheaper?,false,false,,,53,12,,everyone,archive_api
substack,substack:annfriedman,135756998,https://annfriedman.substack.com/p/coming-soon,2023-08-05T23:14:28.531Z,2023-08,Coming soon,false,false,,,,,,everyone,archive_api
substack,substack:yourlocalepidemiologist,216828071,https://yourlocalepidemiologist.substack.com/p/medicare-for-all-separating-the-slogan,2026-09-23T10:03:49.328Z,2026-09,Medicare for All: Separating the slogan from the substance,false,false,,,566,64,,everyone,archive_api
substack,substack:yourlocalepidemiologist,216668915,https://yourlocalepidemiologist.substack.com/p/where-are-the-fall-vaccines-plus,2026-09-22T12:22:37.233Z,2026-09,"Where are the fall vaccines? Plus Covid-19 and norovirus, and what another measles death means",false,true,1545,,648,46,,everyone,posts_api
substack,substack:yourlocalepidemiologist,216244830,https://yourlocalepidemiologist.substack.com/p/two-days-left-to-comment-on-hhss,2026-09-18T10:01:55.730Z,2026-09,Two days left to comment on HHS's vaccine category proposal,false,false,,,322,50,,everyone,archive_api
substack,substack:yourlocalepidemiologist,215850787,https://yourlocalepidemiologist.substack.com/p/what-ai-can-and-cannot-do-in-biosecurity,2026-09-16T10:02:07.299Z,2026-09,What AI can and cannot do in biosecurity,false,false,,,369,28,,everyone,archive_api
substack,substack:yourlocalepidemiologist,215723018,https://yourlocalepidemiologist.substack.com/p/respiratory-increasing-while-covid,2026-09-15T10:03:39.572Z,2026-09,"Respiratory increasing, while Covid-19 peaking? Also, the air after 9/11 killed more than the actual attack",false,true,1616,,532,23,,everyone,posts_api
substack,substack:yourlocalepidemiologist,215658941,https://yourlocalepidemiologist.substack.com/p/reminder-yle-fall-vaccine-webinar,2026-09-14T14:38:38.833Z,2026-09,Reminder: YLE Fall vaccine webinar,true,false,,,75,12,,only_paid,archive_api
substack,substack:yourlocalepidemiologist,213730434,https://yourlocalepidemiologist.substack.com/p/does-the-shingles-vaccine-prevent,2026-09-02T13:11:50.604Z,2026-09,Does the shingles vaccine prevent dementia?,false,false,,,681,60,,everyone,archive_api
substack,substack:yourlocalepidemiologist,213581256,https://yourlocalepidemiologist.substack.com/p/measles-deaths-covid-19-and-common,2026-09-01T10:31:02.680Z,2026-09,"Measles deaths debacle, Covid-19 protection for immunocompromised, and more",false,false,,,608,49,,everyone,archive_api
substack,substack:yourlocalepidemiologist,213049465,https://yourlocalepidemiologist.substack.com/p/two-more-kids-die-and-one-more-theater,2026-08-28T11:14:23.506Z,2026-08,Two more kids die. And one more theater show.,true,false,,,744,75,,only_paid,archive_api
substack,substack:yourlocalepidemiologist,211983316,https://yourlocalepidemiologist.substack.com/p/your-guide-to-fall-2026-vaccines,2026-08-26T10:32:01.673Z,2026-08,Your guide to fall 2026 vaccines,false,false,,,1742,58,,everyone,archive_api
substack,substack:yourlocalepidemiologist,212580932,https://yourlocalepidemiologist.substack.com/p/foodborne-illness-increase-common,2026-08-25T10:31:22.674Z,2026-08,"Foodborne illness increase? Common cold, Covid-19 summer wave, and more.",false,true,1309,,645,29,,everyone,posts_api
substack,substack:yourlocalepidemiologist,211852376,https://yourlocalepidemiologist.substack.com/p/when-wildfire-smoke-hits-home,2026-08-19T13:51:50.616Z,2026-08,When wildfire smoke hits home,false,false,,,536,44,,everyone,archive_api
substack,substack:yourlocalepidemiologist,211563408,https://yourlocalepidemiologist.substack.com/p/covid-19-and-dengue-creeping-up-vaccinations,2026-08-18T10:30:45.075Z,2026-08,"Covid-19 and dengue creeping up, vaccinations creeping down, a new mRNA flu vaccine, and more",false,false,,,776,92,,everyone,archive_api
substack,substack:yourlocalepidemiologist,210669688,https://yourlocalepidemiologist.substack.com/p/why-you-cant-find-a-primary-care,2026-08-12T10:31:11.725Z,2026-08,Why you can’t find a primary care doctor,false,false,,,824,115,,everyone,archive_api
substack,substack:yourlocalepidemiologist,210608128,https://yourlocalepidemiologist.substack.com/p/eo-for-routine-childhood-vaccines,2026-08-11T10:30:48.361Z,2026-08,"EO for routine childhood vaccines, Covid-19, fire, heat, and more",false,false,,,690,26,,everyone,archive_api
substack,substack:yourlocalepidemiologist,209712900,https://yourlocalepidemiologist.substack.com/p/the-system-should-be-on-trial-too,2026-08-05T10:31:09.935Z,2026-08,The system should be on trial too.,false,true,1303,,667,26,,everyone,posts_api
substack,substack:yourlocalepidemiologist,209676912,https://yourlocalepidemiologist.substack.com/p/covid-19-summer-wave-peak-mosquito,2026-08-04T10:31:21.634Z,2026-08,"Covid-19 summer wave, peak mosquito season, two Cyclospora deaths (and the outbreak calming down), and more",false,false,,,716,30,,everyone,archive_api
substack,substack:yourlocalepidemiologist,209172327,https://yourlocalepidemiologist.substack.com/p/does-public-health-need-maha,2026-07-31T10:30:23.625Z,2026-07,Does public health *need* MAHA?,false,false,,,564,73,,everyone,archive_api
substack,substack:yourlocalepidemiologist,208996961,https://yourlocalepidemiologist.substack.com/p/its-time-to-leave-the-man-alone,2026-07-29T20:38:40.533Z,2026-07,It's time to leave the man alone.,false,false,,,1995,217,,everyone,archive_api
substack,substack:yourlocalepidemiologist,208712867,https://yourlocalepidemiologist.substack.com/p/measles-record-and-hot-questions,2026-07-28T13:02:33.123Z,2026-07,"Measles record (and hot questions), foodborne illness summer, Covid-19 summer wave, and more",false,false,,,697,32,,everyone,archive_api
substack,substack:yourlocalepidemiologist,208236139,https://yourlocalepidemiologist.substack.com/p/why-is-gauging-health-risk-so-hard,2026-07-24T10:30:14.881Z,2026-07,Why is gauging health risk so hard? ,true,false,,,490,40,,only_paid,archive_api
substack,substack:yourlocalepidemiologist,207937982,https://yourlocalepidemiologist.substack.com/p/ending-clock-changes-but-which-direction,2026-07-22T10:31:54.759Z,2026-07,Ending clock changes. But which direction should we reset the clock?,false,false,,,668,55,,everyone,archive_api
substack,substack:yourlocalepidemiologist,207819437,https://yourlocalepidemiologist.substack.com/p/covid-19-waking-up-cyclospora-marches,2026-07-21T10:30:49.116Z,2026-07,"Covid-19 waking up, Cyclospora marches on, and measles is close to hitting a milestone",false,false,,,1632,45,,everyone,archive_api
substack,substack:yourlocalepidemiologist,207427142,https://yourlocalepidemiologist.substack.com/p/bad-air-bad-lettuce,2026-07-17T17:42:14.221Z,2026-07,"Bad air, bad lettuce",false,false,,,909,33,,everyone,archive_api
substack,substack:yourlocalepidemiologist,207062696,https://yourlocalepidemiologist.substack.com/p/top-10-cyclospora-questions,2026-07-15T10:31:22.457Z,2026-07,Top 10 Cyclospora questions,false,false,,,1098,37,,everyone,archive_api
substack,substack:yourlocalepidemiologist,206868127,https://yourlocalepidemiologist.substack.com/p/cyclospora-keeps-climbing-a-bad-west,2026-07-14T08:30:24.930Z,2026-07,"Cyclospora keeps climbing, a bad West Nile season, truck spraying, and good news",false,false,,,770,31,,everyone,archive_api
substack,substack:yourlocalepidemiologist,206284468,https://yourlocalepidemiologist.substack.com/p/explosive-foodborne-outbreak,2026-07-11T19:02:55.554Z,2026-07,Explosive foodborne outbreak,false,true,1408,,2092,76,,everyone,posts_api
substack,substack:yourlocalepidemiologist,204314781,https://yourlocalepidemiologist.substack.com/p/6-things-to-know-about-heat-illness,2026-07-01T10:30:34.922Z,2026-07,6 things to know about heat illness,false,false,,,1300,29,,everyone,archive_api
substack,substack:yourlocalepidemiologist,204149082,https://yourlocalepidemiologist.substack.com/p/heat-illnesses-flu-outbreak-in-the,2026-06-30T10:30:23.224Z,2026-06,"Heat illnesses, flu outbreak in the military, a new mRNA flu vaccine, and more",false,false,,,533,29,,everyone,archive_api
substack,substack:yourlocalepidemiologist,203596802,https://yourlocalepidemiologist.substack.com/p/the-irony-of-the-hantavirus-quarantine,2026-06-26T10:30:40.271Z,2026-06,The irony of the hantavirus quarantine,true,false,,,640,34,,only_paid,archive_api
substack,substack:yourlocalepidemiologist,203298783,https://yourlocalepidemiologist.substack.com/p/can-we-eliminate-cervical-cancer,2026-06-24T10:31:07.535Z,2026-06,Can we eliminate cervical cancer?,true,false,,,439,14,,only_paid,archive_api
substack,substack:yourlocalepidemiologist,203154101,https://yourlocalepidemiologist.substack.com/p/i-picked-the-sunset,2026-06-23T10:31:39.517Z,2026-06,I picked the sunset.,true,false,,,1114,132,,only_paid,archive_api
substack,substack:yourlocalepidemiologist,202191005,https://yourlocalepidemiologist.substack.com/p/cancer-falsehoods-and-rumors-are,2026-06-17T10:31:06.000Z,2026-06,Cancer falsehoods and rumors are killing people,true,false,,,466,29,,only_paid,archive_api
substack,substack:yourlocalepidemiologist,202181850,https://yourlocalepidemiologist.substack.com/p/joy-is-contagious-also-mosquitos,2026-06-16T10:31:29.853Z,2026-06,"Joy is contagious. Also: mosquitos, infant botulism, H5N1, peak tick season, and more.",true,false,,,524,23,,only_paid,archive_api
substack,substack:yourlocalepidemiologist,201317736,https://yourlocalepidemiologist.substack.com/p/new-omb-rule-could-break-science,2026-06-10T10:03:59.733Z,2026-06,New OMB rule could break science in the United States,true,false,,,872,58,,only_paid,archive_api
substack,substack:yourlocalepidemiologist,201188026,https://yourlocalepidemiologist.substack.com/p/screwworm-is-here-world-cup-starting,2026-06-09T10:31:40.172Z,2026-06,"Screwworm is here, World Cup starting, things heating up (literally), and more",true,false,,,549,21,,only_paid,archive_api
substack,substack:yourlocalepidemiologist,200623747,https://yourlocalepidemiologist.substack.com/p/data-doesnt-speak-for-itself,2026-06-05T10:03:08.373Z,2026-06,Data doesn't speak for itself,true,false,,,290,49,,only_paid,archive_api
substack,substack:yourlocalepidemiologist,200301760,https://yourlocalepidemiologist.substack.com/p/here-comes-the-sunscreen-088,2026-06-03T11:48:45.875Z,2026-06,Here comes the (sun)screen,true,false,,,619,57,,only_paid,archive_api
substack,substack:yourlocalepidemiologist,200139576,https://yourlocalepidemiologist.substack.com/p/covid-19-update-common-cold-ticks,2026-06-02T10:31:29.970Z,2026-06,"Covid-19 update, common cold, ticks, and lotssss of good news",true,false,,,635,37,,only_paid,archive_api
substack,substack:yourlocalepidemiologist,199629094,https://yourlocalepidemiologist.substack.com/p/should-i-cancel-my-trip-to-africa,2026-05-29T10:31:08.356Z,2026-05,Should I cancel my trip to Africa? Plan for Covid-19 vaccines? Do airport checks really work? And U.S. Prev. Task Force? ,true,false,,,264,32,,only_paid,archive_api
substack,substack:yourlocalepidemiologist,199363569,https://yourlocalepidemiologist.substack.com/p/ebola-chemical-plants-and-health,2026-05-27T11:43:54.123Z,2026-05,"Ebola, chemical plants and health, hantavirus, common colds, heat and more",true,false,,,484,52,,only_paid,archive_api
substack,substack:yourlocalepidemiologist,196805730,https://yourlocalepidemiologist.substack.com/p/from-questions-to-confidence-what,2026-05-23T13:02:53.480Z,2026-05,From questions to confidence: What changed my mind on vaccines,true,false,,,197,30,,only_paid,archive_api
substack,substack:yourlocalepidemiologist,198743583,https://yourlocalepidemiologist.substack.com/p/ebola-the-disease-of-compassion-and,2026-05-22T10:31:35.681Z,2026-05,"Ebola: The disease of compassion, and the price of when “we” became “me”",true,false,,,726,47,,only_paid,archive_api
substack,substack:yourlocalepidemiologist,198414897,https://yourlocalepidemiologist.substack.com/p/world-cups-hidden-health-operation,2026-05-20T10:30:56.409Z,2026-05,World Cup’s hidden health operation,true,false,,,388,34,,only_paid,archive_api
substack,substack:yourlocalepidemiologist,198276289,https://yourlocalepidemiologist.substack.com/p/ebola-international-emergency-hantavirus,2026-05-19T10:31:36.748Z,2026-05,"Ebola international emergency, hantavirus update, ticks, heat, opioid deaths decline, and more.",true,false,,,717,36,,only_paid,archive_api
substack,substack:yourlocalepidemiologist,197752735,https://yourlocalepidemiologist.substack.com/p/something-deeper-than-hantavirus,2026-05-15T10:31:11.291Z,2026-05,Something deeper than hantavirus,true,false,,,857,82,,only_paid,archive_api
substack,substack:yourlocalepidemiologist,197260561,https://yourlocalepidemiologist.substack.com/p/4-hantavirus-updates-and-other-things,2026-05-12T11:59:57.357Z,2026-05,4 hantavirus updates and other things that can impact your health right now,true,false,,,651,29,,only_paid,archive_api
substack,substack:yourlocalepidemiologist,196846111,https://yourlocalepidemiologist.substack.com/p/hantavirus-update,2026-05-08T10:31:28.811Z,2026-05,Hantavirus update,true,false,,,923,49,,only_paid,archive_api
substack,substack:yourlocalepidemiologist,196692729,https://yourlocalepidemiologist.substack.com/p/hantavirus-situation-update-and-getting,2026-05-06T23:30:00.498Z,2026-05,Hantavirus: Situation update and getting nerdy,false,true,231,,707,23,,everyone,posts_api
substack,substack:yourlocalepidemiologist,196506809,https://yourlocalepidemiologist.substack.com/p/abortion-pills-an-option-not-talked-d3f,2026-05-06T10:31:39.147Z,2026-05,Abortion pills: An option not talked about enough,true,false,,,521,27,,only_paid,archive_api
substack,substack:yourlocalepidemiologist,196455921,https://yourlocalepidemiologist.substack.com/p/hantavirus-allergies-and-common-cold,2026-05-05T10:31:16.763Z,2026-05,"Hantavirus, allergies and common cold, Covid-19 spring vaccine, and good news",true,false,,,514,28,,only_paid,archive_api
substack,substack:yourlocalepidemiologist,196036506,https://yourlocalepidemiologist.substack.com/p/what-rattlesnakes-and-you-are-teaching,2026-05-01T10:31:32.619Z,2026-05,What rattlesnakes (and you) are teaching us,true,false,,,183,46,,only_paid,archive_api
substack,substack:yourlocalepidemiologist,195749922,https://yourlocalepidemiologist.substack.com/p/5-more-logical-fallacies-in-the-era,2026-04-29T10:31:17.145Z,2026-04,5 (more) logical fallacies in the era of RFK Jr.,true,false,,,479,17,,only_paid,archive_api
substack,substack:yourlocalepidemiologist,195653626,https://yourlocalepidemiologist.substack.com/p/triple-the-ticks-military-ends-flu,2026-04-28T10:30:58.638Z,2026-04,"Triple the ticks, military ends flu vaccine, Vitamin K refusal and rotavirus surging, alpha gal trends, and good news",true,false,,,567,41,,only_paid,archive_api
substack,substack:yourlocalepidemiologist,195250578,https://yourlocalepidemiologist.substack.com/p/what-i-learned-from-my-students,2026-04-24T10:31:49.958Z,2026-04,What I learned from my students,true,false,,,478,54,,only_paid,archive_api
substack,substack:yourlocalepidemiologist,194960587,https://yourlocalepidemiologist.substack.com/p/peptides-explained-answers-to-your,2026-04-22T10:30:53.603Z,2026-04,"Peptides, explained: Answers to your top questions",true,false,,,520,29,,only_paid,archive_api
substack,substack:yourlocalepidemiologist,194827225,https://yourlocalepidemiologist.substack.com/p/gun-violence-domestic-violence-and,2026-04-21T11:01:55.849Z,2026-04,"Gun violence, domestic violence, and the systems that fail us",true,false,,,427,25,,only_paid,archive_api
substack,substack:yourlocalepidemiologist,194429785,https://yourlocalepidemiologist.substack.com/p/vaccine-hesitancy-webinar,2026-04-17T10:31:32.777Z,2026-04,Vaccine Hesitancy Webinar,true,false,,,326,11,,only_paid,archive_api
substack,substack:yourlocalepidemiologist,194213959,https://yourlocalepidemiologist.substack.com/p/if-your-heart-stopped-right-now-would,2026-04-15T10:30:24.555Z,2026-04,"If your heart stopped right now, would a stranger save you? It depends on your sex.",true,false,,,787,35,,only_paid,archive_api
substack,substack:dinneralovestory,215414292,https://dinneralovestory.substack.com/p/three-things-0c6,2026-09-22T17:10:51.466Z,2026-09,Three Things,true,false,,,94,18,,only_paid,archive_api
substack,substack:dinneralovestory,216303619,https://dinneralovestory.substack.com/p/on-this-day,2026-09-18T18:19:49.797Z,2026-09,On This Day,true,false,,,112,15,,only_paid,archive_api
substack,substack:dinneralovestory,215850891,https://dinneralovestory.substack.com/p/three-things-89e,2026-09-15T16:40:32.472Z,2026-09,Three Things,true,false,,,132,36,,only_paid,archive_api
substack,substack:dinneralovestory,215069922,https://dinneralovestory.substack.com/p/everything-i-remember,2026-09-11T16:15:48.958Z,2026-09,Everything I Remember,true,false,,,168,11,,only_paid,archive_api
substack,substack:dinneralovestory,210893136,https://dinneralovestory.substack.com/p/three-things-975,2026-09-08T20:29:48.964Z,2026-09,Three Things,true,false,,,152,15,,only_paid,archive_api
substack,substack:dinneralovestory,211565736,https://dinneralovestory.substack.com/p/the-10-best-things-i-ate-this-summer,2026-08-28T16:40:06.674Z,2026-08,The 10 Best Things I Ate This Summer,true,false,,,132,14,,only_paid,archive_api
substack,substack:dinneralovestory,210787026,https://dinneralovestory.substack.com/p/three-things-796,2026-08-25T21:17:54.802Z,2026-08,Three Things,true,false,,,201,24,,only_paid,archive_api
substack,substack:dinneralovestory,210517575,https://dinneralovestory.substack.com/p/three-things-88d,2026-08-18T15:16:13.877Z,2026-08,Three Things,false,true,1472,,325,48,,everyone,posts_api
substack,substack:dinneralovestory,211043243,https://dinneralovestory.substack.com/p/you-know-whats-really-good,2026-08-14T15:08:31.270Z,2026-08,You Know What's Really Good?,true,false,,,132,119,,only_paid,archive_api
substack,substack:dinneralovestory,209790045,https://dinneralovestory.substack.com/p/three-things-712,2026-08-11T18:41:46.310Z,2026-08,Three Things,true,false,,,199,20,,only_paid,archive_api
substack,substack:dinneralovestory,204446133,https://dinneralovestory.substack.com/p/three-things,2026-08-05T16:04:33.853Z,2026-08,Three Things,true,false,,,262,42,,only_paid,archive_api
substack,substack:dinneralovestory,209001582,https://dinneralovestory.substack.com/p/this-weekends-sunday-dinner-ad3,2026-07-31T15:52:03.214Z,2026-07,This Weekend's Sunday Dinner,true,false,,,128,8,,only_paid,archive_api
substack,substack:dinneralovestory,208062932,https://dinneralovestory.substack.com/p/three-things-448,2026-07-28T16:17:45.833Z,2026-07,Three Things,true,false,,,193,36,,only_paid,archive_api
substack,substack:dinneralovestory,207919776,https://dinneralovestory.substack.com/p/the-most-addictive-orzo-salad,2026-07-24T14:47:44.096Z,2026-07,The Most Addictive Orzo Salad,true,false,,,146,22,,only_paid,archive_api
substack,substack:dinneralovestory,207160649,https://dinneralovestory.substack.com/p/three-things-9ef,2026-07-21T16:44:49.506Z,2026-07,Three Things,true,false,,,197,44,,only_paid,archive_api
substack,substack:dinneralovestory,206717857,https://dinneralovestory.substack.com/p/25-get-well-soon-gifts,2026-07-17T14:29:16.293Z,2026-07,25 Get-Well-Soon Gifts,true,false,,,220,27,,only_paid,archive_api
substack,substack:dinneralovestory,206850975,https://dinneralovestory.substack.com/p/three-things-63f,2026-07-14T16:12:23.794Z,2026-07,Three Things,true,false,,,312,95,,only_paid,archive_api
substack,substack:dinneralovestory,195031723,https://dinneralovestory.substack.com/p/lucky,2026-07-10T13:00:20.159Z,2026-07,Lucky,true,false,,,1294,303,,only_paid,archive_api
substack,substack:dinneralovestory,202988077,https://dinneralovestory.substack.com/p/lately-1ad,2026-06-26T16:02:18.649Z,2026-06,Spring Diary,true,false,,,147,11,,only_paid,archive_api
substack,substack:dinneralovestory,201354994,https://dinneralovestory.substack.com/p/three-things-009,2026-06-23T14:35:42.951Z,2026-06,Three Things,true,false,,,266,33,,only_paid,archive_api
substack,substack:dinneralovestory,198322396,https://dinneralovestory.substack.com/p/three-things-21e,2026-06-16T15:26:11.179Z,2026-06,Three Things,true,false,,,168,13,,only_paid,archive_api
substack,substack:dinneralovestory,201500939,https://dinneralovestory.substack.com/p/join-me-in-sicily,2026-06-13T16:22:15.177Z,2026-06,Join Me in Sicily!,true,false,,,52,4,,only_paid,archive_api
substack,substack:dinneralovestory,200767534,https://dinneralovestory.substack.com/p/a-chat-with-random-house-publisher,2026-06-11T20:35:22.319Z,2026-06,A Chat with Random House Publisher Andy Ward,true,false,,,85,29,,only_paid,archive_api
substack,substack:dinneralovestory,200312060,https://dinneralovestory.substack.com/p/three-things-2bf,2026-06-09T16:50:42.954Z,2026-06,Three Things,true,false,,,177,12,,only_paid,archive_api
substack,substack:dinneralovestory,199494612,https://dinneralovestory.substack.com/p/a-prescription-for-living-well,2026-06-05T17:34:32.625Z,2026-06,A Prescription for Living Well,true,false,,,165,64,,only_paid,archive_api
substack,substack:dinneralovestory,199387398,https://dinneralovestory.substack.com/p/three-things-bfe,2026-06-02T18:16:14.341Z,2026-06,Three Things,true,false,,,226,30,,only_paid,archive_api
substack,substack:dinneralovestory,198713062,https://dinneralovestory.substack.com/p/three-things-41a,2026-05-27T16:36:31.907Z,2026-05,Three Things,true,false,,,397,45,,only_paid,archive_api
substack,substack:dinneralovestory,198744243,https://dinneralovestory.substack.com/p/grill-talk-with-caroline-chambers,2026-05-22T16:05:27.791Z,2026-05,Grill Talk with Caroline Chambers,true,false,,,40,,,only_paid,archive_api
substack,substack:dinneralovestory,197360392,https://dinneralovestory.substack.com/p/three-things-da2,2026-05-19T18:55:14.617Z,2026-05,Three Things,true,false,,,147,28,,only_paid,archive_api
substack,substack:dinneralovestory,197014130,https://dinneralovestory.substack.com/p/three-things-47f,2026-05-13T17:46:28.220Z,2026-05,Three Things,true,false,,,178,29,,only_paid,archive_api
substack,substack:dinneralovestory,197046580,https://dinneralovestory.substack.com/p/last-minute-mothers-day-gift,2026-05-10T13:40:50.265Z,2026-05,Last-Minute Mother's Day Gift,true,false,,,45,,,only_paid,archive_api
substack,substack:dinneralovestory,196270645,https://dinneralovestory.substack.com/p/the-pasta-ill-be-making-for-the-rest,2026-05-08T15:56:07.678Z,2026-05,The Pasta I'll Be Making for the Rest of My Life,true,false,,,138,20,,only_paid,archive_api
substack,substack:dinneralovestory,195651360,https://dinneralovestory.substack.com/p/three-ish-things,2026-05-05T15:24:23.982Z,2026-05,Three-ish Things,true,false,,,127,17,,only_paid,archive_api
substack,substack:dinneralovestory,194089357,https://dinneralovestory.substack.com/p/mothers-day-gift-guide,2026-05-01T17:21:12.278Z,2026-05,Mother's Day Gift Guide,true,false,,,95,7,,only_paid,archive_api
substack,substack:dinneralovestory,195167044,https://dinneralovestory.substack.com/p/three-things-509,2026-04-28T15:49:13.553Z,2026-04,Three Things,true,false,,,200,25,,only_paid,archive_api
substack,substack:dinneralovestory,194407453,https://dinneralovestory.substack.com/p/three-things-43b,2026-04-21T17:11:53.079Z,2026-04,Three Things,true,false,,,175,21,,only_paid,archive_api
substack,substack:dinneralovestory,176831305,https://dinneralovestory.substack.com/p/vacation-highlight-reel-rome-c3c,2026-04-17T15:47:45.909Z,2026-04,Vacation Highlight Reel: Rome,true,false,,,110,18,,only_paid,archive_api
substack,substack:dinneralovestory,193990244,https://dinneralovestory.substack.com/p/three-things-30e,2026-04-15T18:23:36.714Z,2026-04,Three Things,true,false,,,209,35,,only_paid,archive_api
substack,substack:dinneralovestory,193014361,https://dinneralovestory.substack.com/p/three-things-de2,2026-04-08T16:25:13.753Z,2026-04,Three Things,true,false,,,264,21,,only_paid,archive_api
substack,substack:dinneralovestory,192415803,https://dinneralovestory.substack.com/p/where-to-eat-in-new-york-part-two,2026-04-03T20:56:52.888Z,2026-04,"Cheap, Loud, Fun: Where to Eat in New York",true,false,,,145,11,,only_paid,archive_api
substack,substack:dinneralovestory,192106614,https://dinneralovestory.substack.com/p/three-things-bf2,2026-03-31T17:43:30.297Z,2026-03,Three Things,true,false,,,181,84,,only_paid,archive_api
substack,substack:dinneralovestory,191400256,https://dinneralovestory.substack.com/p/three-things-945,2026-03-24T19:47:21.016Z,2026-03,Three Things,true,false,,,223,56,,only_paid,archive_api
substack,substack:dinneralovestory,190288386,https://dinneralovestory.substack.com/p/vacation-highlight-reel-parma,2026-03-20T17:49:25.359Z,2026-03,Vacation Highlight Reel: Parma,true,false,,,94,9,,only_paid,archive_api
substack,substack:dinneralovestory,191054734,https://dinneralovestory.substack.com/p/three-things-c81,2026-03-17T16:37:38.178Z,2026-03,Three Things,true,false,,,185,37,,only_paid,archive_api
substack,substack:dinneralovestory,190326444,https://dinneralovestory.substack.com/p/a-travel-ritual,2026-03-13T15:05:24.224Z,2026-03,A Travel Ritual,true,false,,,119,13,,only_paid,archive_api
substack,substack:dinneralovestory,188419261,https://dinneralovestory.substack.com/p/three-things-08e,2026-03-10T17:39:03.310Z,2026-03,Three Things,true,false,,,201,21,,only_paid,archive_api
substack,substack:dinneralovestory,188164615,https://dinneralovestory.substack.com/p/three-things-268,2026-03-04T15:07:51.146Z,2026-03,Three Things,true,false,,,166,31,,only_paid,archive_api
substack,substack:dinneralovestory,189018382,https://dinneralovestory.substack.com/p/a-chat-with-anna-quindlen-giveaway,2026-02-26T15:43:49.824Z,2026-02,A Chat with Anna Quindlen (+ Giveaway),false,true,369,,57,97,,everyone,posts_api
substack,substack:dinneralovestory,188157448,https://dinneralovestory.substack.com/p/three-things-17f,2026-02-24T15:46:50.254Z,2026-02,Three Things,true,false,,,214,25,,only_paid,archive_api
substack,substack:dinneralovestory,187878242,https://dinneralovestory.substack.com/p/well-that-was-fun,2026-02-23T18:17:41.544Z,2026-02,Well That Was Fun,true,false,,,73,13,,only_paid,archive_api
substack,substack:dinneralovestory,187563284,https://dinneralovestory.substack.com/p/three-things-84d,2026-02-17T17:03:37.325Z,2026-02,Three Things,true,false,,,187,29,,only_paid,archive_api
substack,substack:dinneralovestory,187657201,https://dinneralovestory.substack.com/p/vacation-inspiration,2026-02-13T16:20:07.285Z,2026-02,Vacation Inspiration,true,false,,,154,15,,only_paid,archive_api
substack,substack:dinneralovestory,186560023,https://dinneralovestory.substack.com/p/three-things-473,2026-02-10T20:15:47.263Z,2026-02,Three Things,true,false,,,169,12,,only_paid,archive_api
substack,substack:dinneralovestory,185070879,https://dinneralovestory.substack.com/p/new-york-diary-winter-edition,2026-02-06T23:30:03.887Z,2026-02,"New York Diary, Winter Edition",true,false,,,137,38,,only_paid,archive_api
substack,substack:dinneralovestory,185977509,https://dinneralovestory.substack.com/p/three-things-69e,2026-02-03T15:21:22.343Z,2026-02,Three Things,true,false,,,252,70,,only_paid,archive_api
substack,substack:dinneralovestory,186017060,https://dinneralovestory.substack.com/p/three-things-0c8,2026-01-28T19:03:59.495Z,2026-01,Three Things,true,false,,,213,54,,only_paid,archive_api
substack,substack:dinneralovestory,185464198,https://dinneralovestory.substack.com/p/halfway-homemade,2026-01-23T19:09:23.795Z,2026-01,Halfway Homemade,true,false,,,131,30,,only_paid,archive_api
substack,substack:dinneralovestory,184441154,https://dinneralovestory.substack.com/p/three-things-bcb,2026-01-20T19:43:27.808Z,2026-01,Three Things,true,false,,,302,16,,only_paid,archive_api
substack,substack:dinneralovestory,184507154,https://dinneralovestory.substack.com/p/a-kid-friendly-monday-to-friday-meal,2026-01-16T16:24:17.237Z,2026-01,A Kid-Friendly Monday-to-Friday Meal Plan,true,false,,,72,4,,only_paid,archive_api
substack,substack:dinneralovestory,184130854,https://dinneralovestory.substack.com/p/three-things-35c,2026-01-13T18:57:00.307Z,2026-01,Three Things,true,false,,,372,20,,only_paid,archive_api
substack,substack:dinneralovestory,183276640,https://dinneralovestory.substack.com/p/cooking-for-one-mindfully,2026-01-09T14:47:06.159Z,2026-01,Cooking For One,true,false,,,99,15,,only_paid,archive_api
substack,substack:dinneralovestory,181050511,https://dinneralovestory.substack.com/p/three-things-583,2026-01-06T19:20:50.262Z,2026-01,Three Things,false,true,1447,,482,60,,everyone,posts_api
substack,substack:dinneralovestory,183252172,https://dinneralovestory.substack.com/p/the-weekday-vegetarian-challenge,2026-01-02T18:20:53.949Z,2026-01,The Weekday Vegetarian Challenge,true,false,,,83,21,,only_paid,archive_api
substack,substack:dinneralovestory,180406975,https://dinneralovestory.substack.com/p/best-of-2025,2025-12-23T19:28:57.846Z,2025-12,The Best of 2025,true,false,,,221,19,,only_paid,archive_api
substack,substack:dinneralovestory,181814120,https://dinneralovestory.substack.com/p/8-holiday-dinner-quandaries-solved,2025-12-19T17:25:54.701Z,2025-12,"8 Holiday Dinner Quandaries, Solved",true,false,,,107,19,,only_paid,archive_api
substack,substack:dinneralovestory,180424414,https://dinneralovestory.substack.com/p/three-things-31d,2025-12-09T18:41:17.090Z,2025-12,Three Things,true,false,,,170,17,,only_paid,archive_api
substack,substack:dinneralovestory,177373956,https://dinneralovestory.substack.com/p/holiday-gift-guide-2025,2025-12-05T20:39:24.691Z,2025-12,⭐️ A Food Lover's Gift Guide ⭐️ ,true,false,,,79,13,,only_paid,archive_api
substack,substack:dinneralovestory,179818494,https://dinneralovestory.substack.com/p/three-things-269,2025-12-02T16:47:37.366Z,2025-12,Three Things,true,false,,,216,38,,only_paid,archive_api
substack,substack:dinneralovestory,179575928,https://dinneralovestory.substack.com/p/three-things-858,2025-11-25T20:19:46.588Z,2025-11,Three Things,true,false,,,343,36,,only_paid,archive_api
substack,substack:dinneralovestory,179151391,https://dinneralovestory.substack.com/p/three-things-fbd,2025-11-18T16:34:56.766Z,2025-11,Three Things,true,false,,,153,51,,only_paid,archive_api
substack,substack:dinneralovestory,178843879,https://dinneralovestory.substack.com/p/a-chat-with-buckeye-author-patrick,2025-11-18T15:27:56.432Z,2025-11,"A Chat with ""Buckeye"" Author Patrick Ryan",false,true,164,,20,1,,everyone,posts_api
substack,substack:dinneralovestory,178792310,https://dinneralovestory.substack.com/p/a-cookbook-gift-guide,2025-11-14T20:17:53.685Z,2025-11,A Cookbook Gift Guide,true,false,,,139,133,,only_paid,archive_api
substack,substack:dinneralovestory,177927942,https://dinneralovestory.substack.com/p/three-things-dfb,2025-11-11T16:22:16.878Z,2025-11,Three Things,true,false,,,174,18,,only_paid,archive_api
substack,substack:dinneralovestory,177076955,https://dinneralovestory.substack.com/p/three-things-704,2025-11-04T16:14:40.143Z,2025-11,Three Things,true,false,,,190,32,,only_paid,archive_api
substack,substack:dinneralovestory,177654374,https://dinneralovestory.substack.com/p/this-weekends-sunday-dinner,2025-10-31T17:03:28.082Z,2025-10,This Weekend's Sunday Dinner,true,false,,,115,18,,only_paid,archive_api
substack,substack:dinneralovestory,176262870,https://dinneralovestory.substack.com/p/three-things-9d4,2025-10-28T16:23:38.398Z,2025-10,Three Things,true,false,,,169,15,,only_paid,archive_api
substack,substack:dinneralovestory,176041754,https://dinneralovestory.substack.com/p/vacation-highlight-reel-puglia,2025-10-21T16:18:27.102Z,2025-10,Vacation Highlight Reel: Puglia,true,false,,,74,13,,only_paid,archive_api
substack,substack:dinneralovestory,174838646,https://dinneralovestory.substack.com/p/three-things-67f,2025-10-14T16:22:11.460Z,2025-10,Three Things,true,false,,,150,16,,only_paid,archive_api
substack,substack:dinneralovestory,175634352,https://dinneralovestory.substack.com/p/a-chat-with-linger-author-hetty-mckinnon,2025-10-10T22:43:54.360Z,2025-10,"A Chat with ""Linger"" Author Hetty McKinnon",false,false,,,52,,,everyone,archive_api
medium,medium:tomaspueyo,390de6b595e5,https://tomaspueyo.medium.com/what-china-wants-and-why-390de6b595e5,"Mon, 20 Jul 2026 04:52:15 GMT",2026-07,What China Wants and Why,false,false,26,history|geography|china|geopolitics|maps,,,,,rss
medium,medium:tomaspueyo,f44daa8b065c,https://tomaspueyo.medium.com/venezuelas-excrement-f44daa8b065c,"Mon, 22 Jun 2026 19:19:03 GMT",2026-06,Venezuela’s Excrement,false,false,18,geopolitics|donald-trump|energy|history|economics,,,,,rss
medium,medium:tomaspueyo,11d8cc80cc28,https://tomaspueyo.medium.com/where-geniuses-hide-today-11d8cc80cc28,"Mon, 15 Jun 2026 11:01:01 GMT",2026-06,Where Geniuses Hide Today,false,false,20,self-improvement|self-help|science|art|career-advice,,,,,rss
medium,medium:tomaspueyo,0b2ab5fd537a,https://tomaspueyo.medium.com/how-did-islam-spread-so-fast-0b2ab5fd537a,"Mon, 08 Jun 2026 08:41:52 GMT",2026-06,How Did Islam Spread So Fast?,false,false,30,geopolitics|history|islam|religion|geography,,,,,rss
medium,medium:tomaspueyo,11b10ebda363,https://tomaspueyo.medium.com/argentina-could-be-a-superpower-11b10ebda363,"Tue, 28 Oct 2025 11:21:16 GMT",2025-10,Argentina Could Be a Superpower,false,false,11,geopolitics|geography|history|argentina|politics,,,,,rss
medium,medium:tomaspueyo,933e28e6427d,https://tomaspueyo.medium.com/why-warm-countries-are-poorer-933e28e6427d,"Mon, 29 Sep 2025 12:01:56 GMT",2025-09,Why Warm Countries Are Poorer,false,false,9,development|history|inequality|geopolitics|geography,,,,,rss
medium,medium:tomaspueyo,8411cbc68e61,https://tomaspueyo.medium.com/never-bet-against-america-8411cbc68e61,"Mon, 08 Sep 2025 10:50:24 GMT",2025-09,Never Bet Against America,false,false,9,geography|geopolitics|united-states|history|usa,,,,,rss
medium,medium:tomaspueyo,db717df2ee86,https://tomaspueyo.medium.com/why-did-israel-strike-iran-now-db717df2ee86,"Wed, 25 Jun 2025 12:01:55 GMT",2025-06,Why Did Israel Strike Iran Now?,false,false,26,,,,,,rss
medium,medium:tomaspueyo,89495aa078e2,https://tomaspueyo.medium.com/two-maps-to-understand-iran-89495aa078e2,"Mon, 23 Jun 2025 13:46:03 GMT",2025-06,Two Maps to Understand Iran,false,false,29,iran|israel|war|usa|geopolitics,,,,,rss
medium,medium:tomaspueyo,ad88905789b2,https://tomaspueyo.medium.com/the-four-layers-of-fashion-ad88905789b2,"Mon, 12 May 2025 13:37:48 GMT",2025-05,The Four Layers of Fashion,false,false,12,design|evolutionary-psychology|fashion-trends|clothing|fashion,,,,,rss
medium,medium:anildash,888a6586d6df,https://medium.com/@anildash/systems-what-does-a-board-of-directors-do-888a6586d6df,"Thu, 20 Jun 2024 00:00:53 GMT",2024-06,Systems: What does a board of directors do?,false,true,4725,governance|startup|business|board-of-directors,,,,,rss
medium,medium:anildash,f7d7e6e9d15e,https://medium.com/glitch/an-exciting-leap-forward-for-glitch-f7d7e6e9d15e,"Fri, 27 May 2022 14:39:13 GMT",2022-05,An Exciting Leap Forward for Glitch,false,true,604,web-development|coding|software,,,,,rss
medium,medium:anildash,3a1b16c898a6,https://medium.com/@anildash/a-web-renaissance-3a1b16c898a6,"Thu, 14 Apr 2022 22:48:37 GMT",2022-04,A Web Renaissance,false,true,1198,internet|decentralization|web,,,,,rss
medium,medium:anildash,14f14aff42e1,https://medium.com/the-atlantic/nfts-werent-supposed-to-end-like-this-14f14aff42e1,"Fri, 02 Apr 2021 12:41:00 GMT",2021-04,NFTs Weren’t Supposed to End Like This,false,false,23,art|digital-life|blockchain|technology|nft,,,,,rss
medium,medium:anildash,c5f6fd615a51,https://medium.com/@anildash/no-code-is-great-but-heres-why-we-need-yes-code-c5f6fd615a51,"Tue, 05 May 2020 14:55:03 GMT",2020-05,“No Code”​ is great. But here’s why we need Yes Code.,false,true,936,programming|coding|software-development|technology,,,,,rss
medium,medium:anildash,ab6436929dcc,https://medium.com/glitch/ready-to-run-how-glitch-is-making-it-easier-to-run-apps-in-the-cloud-ab6436929dcc,"Wed, 15 Apr 2020 13:16:24 GMT",2020-04,Ready to run: How Glitch is making it easier to run apps in the cloud,false,true,556,web-development|programming|cloud-computing|glitch|coding,,,,,rss
medium,medium:ev,0126fa5c6ce8,https://ev.medium.com/making-social-social-again-0126fa5c6ce8,"Thu, 12 Dec 2024 17:11:33 GMT",2024-12,Making “Social” Social Again,false,true,1813,social|startupş|relationships,,,,,rss
medium,medium:ev,3622b4ddc3d8,https://ev.medium.com/do-not-disturb-3622b4ddc3d8,"Sat, 09 Dec 2023 23:33:25 GMT",2023-12,Do not disturb,false,true,112,,,,,,rss
medium,medium:ev,f394d68d4e7,https://ev.medium.com/how-you-can-help-the-amazon-rainforest-today-f394d68d4e7,"Mon, 05 Jun 2023 19:28:57 GMT",2023-06,How you can help the Amazon Rainforest–today,false,true,434,,,,,,rss
medium,medium:ev,b5f1191dd1c2,https://ev.medium.com/cat-playing-piano-in-the-style-of-b5f1191dd1c2,"Wed, 19 Oct 2022 07:06:39 GMT",2022-10,"Cat Playing Piano, in the style of",false,true,654,stable-diffusion|ai|ai-art,,,,,rss
medium,medium:ev,faee8e712589,https://ev.medium.com/new-decade-new-ideas-faee8e712589,"Tue, 12 Jul 2022 17:33:59 GMT",2022-07,"New Decade, New Ideas",false,true,869,medium,,,,,rss
medium,medium:ev,52e2c56542aa,https://ev.medium.com/12-taglines-for-odeo-52e2c56542aa,"Tue, 14 Dec 2021 17:43:57 GMT",2021-12,12 taglines for Odeo,false,true,145,from-the-archives,,,,,rss
medium,medium:ev,2b7898e06891,https://medium.com/blog/weve-acquired-knowable-to-accelerate-our-growth-and-bring-audio-to-medium-2b7898e06891,"Tue, 16 Nov 2021 16:00:03 GMT",2021-11,We’ve acquired Knowable to bring audio to Medium,false,true,349,medium|audio|knowable,,,,,rss
medium,medium:ev,88045f3c53b6,https://medium.com/blog/medium-acquires-projector-a-collaborative-multimedia-design-platform-88045f3c53b6,"Tue, 09 Nov 2021 16:04:17 GMT",2021-11,"Medium Acquires Projector, a Collaborative, Multimedia Design Platform",false,true,286,medium,,,,,rss
medium,medium:ev,795206e75020,https://ev.medium.com/simple-or-easy-795206e75020,"Wed, 22 Sep 2021 00:47:36 GMT",2021-09,Simple or Easy? ,false,true,256,product-design|simplicity,,,,,rss
medium,medium:ev,665ad3aca762,https://ev.medium.com/an-ode-to-teenage-angst-665ad3aca762,"Thu, 16 Sep 2021 22:42:23 GMT",2021-09,An ode to teenage angst ,false,true,145,teenage-angst|poetry,,,,,rss
medium,medium:towardsdatascience,7b4cc0efd235,https://medium.com/data-science/diy-ai-how-to-build-a-linear-regression-model-from-scratch-7b4cc0efd235,"Mon, 03 Feb 2025 18:54:44 GMT",2025-02,DIY AI: How to Build a Linear Regression Model from Scratch,false,false,20,machine-learning|ai|getting-started|linear-regression|data-science,,,,,rss
medium,medium:towardsdatascience,841d63574825,https://medium.com/data-science/support-vector-machines-a-progression-of-algorithms-841d63574825,"Mon, 03 Feb 2025 18:49:54 GMT",2025-02,Support Vector Machines: A Progression of Algorithms,false,true,2678,support-vector-classifier|support-vector-machine|classification-algorithms|machine-learning|statistical-learning,,,,,rss
medium,medium:towardsdatascience,7688c89e7c02,https://medium.com/data-science/are-public-agencies-letting-open-source-software-down-7688c89e7c02,"Mon, 03 Feb 2025 18:46:56 GMT",2025-02,Are Public Agencies Letting Open-Source Software Down?,false,true,2542,policy|government|gis|open-source|editors-pick,,,,,rss
medium,medium:towardsdatascience,996cfc41e53e,https://medium.com/data-science/how-to-get-a-job-in-data-science-machine-learning-with-no-previous-experience-996cfc41e53e,"Mon, 03 Feb 2025 17:32:01 GMT",2025-02,How to Get A Job in Data Science/Machine Learning With No Previous Experience,false,false,12,job-search|job-hunting|machine-learning|tech|data-science,,,,,rss
medium,medium:towardsdatascience,e1a1142456e2,https://medium.com/data-science/show-and-tell-e1a1142456e2,"Mon, 03 Feb 2025 16:30:24 GMT",2025-02,Image Captioning Paper Walkthrough: Show and Tell,false,false,18,hands-on-tutorials|nlp|computer-vision|artificial-intelligence|deep-learning,,,,,rss
medium,medium:towardsdatascience,25fa81daace4,https://medium.com/data-science/how-to-get-promoted-as-a-data-scientist-25fa81daace4,"Mon, 03 Feb 2025 14:02:06 GMT",2025-02,How to Get Promoted as a Data Scientist,false,false,19,careers|data-science-careers|office-hours|data-science|machine-learning,,,,,rss
medium,medium:towardsdatascience,c3b9f11e89c6,https://medium.com/data-science/how-to-find-seasonality-patterns-in-time-series-c3b9f11e89c6,"Mon, 03 Feb 2025 13:02:04 GMT",2025-02,How to Find Seasonality Patterns in Time Series,false,false,13,timeseries|seasonality|fourier-transform|data-science|programming,,,,,rss
medium,medium:towardsdatascience,1eb9585b6f4e,https://medium.com/data-science/quantifying-surprise-1eb9585b6f4e,"Mon, 03 Feb 2025 12:02:06 GMT",2025-02, Quantifying Surprise — A Data Scientist’s Intro To Information Theory — Part 1/5: Foundations,false,false,25,statistics|information-theory|editors-pick|machine-learning|data-science,,,,,rss
medium,medium:towardsdatascience,4814b759da5f,https://medium.com/data-science/quantifying-uncertainty-4814b759da5f,"Mon, 03 Feb 2025 12:02:03 GMT",2025-02, Quantifying Uncertainty — A Data Scientist’s Intro To Information Theory — Part 2/5: Entropy,false,false,24,entropy|deep-dives|machine-learning|statistics|data-science,,,,,rss
medium,medium:towardsdatascience,aac387e10cb6,https://medium.com/data-science/deep-dive-into-websockets-and-their-role-in-client-server-communication-aac387e10cb6,"Mon, 03 Feb 2025 11:02:00 GMT",2025-02,Deep Dive into WebSockets and Their Role in Client-Server Communication,false,true,1840,software-development|system-design-concepts|websocket|client-server-model|getting-started,,,,,rss
medium,medium:uxdesign,340d32b82b5c,https://uxdesign.cc/what-the-bible-got-right-about-ai-340d32b82b5c,"Thu, 24 Sep 2026 22:03:16 GMT",2026-09,What the Bible got right about AI,false,true,4355,ai|product-management|religion|ux|design,,,,,rss
medium,medium:uxdesign,c019b8568662,https://uxdesign.cc/why-the-best-resume-may-be-the-wrong-resume-for-a-design-team-c019b8568662,"Wed, 23 Sep 2026 04:06:17 GMT",2026-09,Why the best resume may be the wrong resume for a design team,false,false,19,leadership|ux|artificial-intelligence|creativity|design,,,,,rss
medium,medium:uxdesign,d1baf83948c8,https://uxdesign.cc/the-origins-side-b-birth-of-the-un-cool-d1baf83948c8,"Wed, 23 Sep 2026 04:04:28 GMT",2026-09,"The origins, side B — birth of the un-cool",false,false,17,technology|design|economics|productivity|ux,,,,,rss
medium,medium:uxdesign,595c548f1d70,https://uxdesign.cc/in-the-age-of-ai-the-ux-field-survives-on-leaders-who-cultivate-juniors-595c548f1d70,"Tue, 22 Sep 2026 21:27:21 GMT",2026-09,"In the age of AI, the UX field survives on leaders who cultivate juniors",false,true,2058,design|user-experience|ux|ai|product-design,,,,,rss
medium,medium:uxdesign,b3c6beeea74f,https://uxdesign.cc/designers-lost-their-unit-of-measurement-thats-why-we-re-struggling-b3c6beeea74f,"Tue, 22 Sep 2026 11:23:11 GMT",2026-09,Designers lost their unit of measurement. That’s why we’re struggling.,false,false,18,ux-design|design|ux|product-design|productivity,,,,,rss
medium,medium:uxdesign,62a58272564c,https://uxdesign.cc/the-variance-problem-in-ai-products-62a58272564c,"Tue, 22 Sep 2026 11:22:49 GMT",2026-09,The variance problem in AI products,false,true,2151,ai|ux|product-design|user-experience|design,,,,,rss
medium,medium:uxdesign,f2b1318778d4,https://uxdesign.cc/what-is-a-screen-made-of-f2b1318778d4,"Tue, 22 Sep 2026 11:22:00 GMT",2026-09,What is a screen made of?,false,false,21,design|interface-design|ux|apple|design-systems,,,,,rss
medium,medium:uxdesign,d3b74c2a74d8,https://uxdesign.cc/where-does-your-work-go-when-the-tool-shuts-down-d3b74c2a74d8,"Tue, 22 Sep 2026 11:21:28 GMT",2026-09,Where does your work go when the tool shuts down?,false,false,24,careers|product-design|ux|technology|design,,,,,rss
medium,medium:uxdesign,6a16e8a99960,https://uxdesign.cc/nobody-starts-as-an-accessibility-expert-6a16e8a99960,"Tue, 22 Sep 2026 04:33:52 GMT",2026-09,Nobody starts as an accessibility expert,false,true,1964,product-design|ux-design|ux|visual-design|accessibility,,,,,rss
medium,medium:uxdesign,d247a81dd0f2,https://uxdesign.cc/can-stress-be-quantified-d247a81dd0f2,"Tue, 22 Sep 2026 04:32:17 GMT",2026-09,Can stress be quantified?,false,true,1584,biotechnology|stress|wearable-technology|ux|user-experience-design,,,,,rss
medium,medium:javascriptscene,30ac7a3bf49c,https://medium.com/javascript-scene/tdd-writing-testable-code-30ac7a3bf49c,"Sun, 21 Jan 2024 23:50:43 GMT",2024-01,TDD: Writing Testable Code,false,true,3076,tdd|typescript|javascript|react|technology,,,,,rss
medium,medium:javascriptscene,c1044bcb0dfb,https://medium.com/javascript-scene/10-interview-questions-every-javascript-developer-should-know-in-2024-c1044bcb0dfb,"Sun, 31 Dec 2023 01:38:10 GMT",2023-12,10 Interview Questions Every JavaScript Developer Should Know in 2024,false,true,2914,typescript|javascript|tdd|react|technology,,,,,rss
medium,medium:javascriptscene,119f155466ef,https://medium.com/javascript-scene/the-future-of-programming-ai-and-interface-oriented-languages-119f155466ef,"Mon, 24 Jul 2023 18:59:09 GMT",2023-07,The Future of Programming: AI and Interface-Oriented Languages,false,true,2613,technology|software-development|future|ai|chatgpt,,,,,rss
medium,medium:javascriptscene,af7c5196c59e,https://medium.com/javascript-scene/threads-a-great-new-social-home-for-developers-af7c5196c59e,"Thu, 13 Jul 2023 21:32:22 GMT",2023-07,Threads: A Great New Social Home for Developers,false,true,793,social-media|ai|technology|javascript|sudolang,,,,,rss
medium,medium:javascriptscene,16ac3fc6dea6,https://medium.com/javascript-scene/ai-programming-for-absolute-beginners-16ac3fc6dea6,"Mon, 12 Jun 2023 02:01:14 GMT",2023-06,AI Programming for Absolute Beginners,false,true,2238,chatgpt|technology|software-development|ai|programming,,,,,rss
medium,medium:javascriptscene,f7a7b65263bc,https://medium.com/javascript-scene/anatomy-of-a-sudolang-program-prompt-engineering-by-example-f7a7b65263bc,"Mon, 01 May 2023 20:09:39 GMT",2023-05,Anatomy of a SudoLang Program: Prompt Engineering by Example,false,true,3703,chatgpt|software-engineering|ai|software-development|technology,,,,,rss
medium,medium:javascriptscene,3e1860abe1d3,https://medium.com/javascript-scene/the-art-of-effortless-programming-3e1860abe1d3,"Tue, 25 Apr 2023 20:30:52 GMT",2023-04,The Art of Effortless Programming,false,true,3760,chatgpt|artificial-intelligence|software-development|machine-learning|ai,,,,,rss
medium,medium:javascriptscene,52761c34abc4,https://medium.com/javascript-scene/unit-testing-chatgpt-prompts-introducing-riteway-for-sudolang-52761c34abc4,"Mon, 03 Apr 2023 21:11:26 GMT",2023-04,Unit Testing ChatGPT Prompts: Introducing Riteway for SudoLang,false,true,2009,ai|machine-learning|technology|javascript|chatgpt,,,,,rss
medium,medium:javascriptscene,d64d42aa719b,https://medium.com/javascript-scene/sudolang-a-powerful-pseudocode-programming-language-for-llms-d64d42aa719b,"Sat, 01 Apr 2023 02:15:41 GMT",2023-04,SudoLang: A Powerful Pseudocode Programming Language for LLMs,false,true,3525,chatgpt|nlp|software-development|technology|ai,,,,,rss
medium,medium:javascriptscene,c0baebc19ae9,https://medium.com/javascript-scene/learning-javascript-from-chatgpt-c0baebc19ae9,"Fri, 17 Mar 2023 23:09:12 GMT",2023-03,Learning JavaScript from ChatGPT,false,true,3370,technology|artificial-intelligence|chatgpt|ai|javascript,,,,,rss
medium,medium:betterprogramming,bf37baef8f27,https://medium.com/better-programming/let-a-thousand-programming-publications-bloom-bf37baef8f27,"Fri, 10 Nov 2023 18:18:10 GMT",2023-11,Let a thousand programming publications bloom.,false,true,1300,,,,,,rss
medium,medium:betterprogramming,3f456a51ff99,https://medium.com/better-programming/calling-aws-bedrock-from-code-3f456a51ff99,"Fri, 10 Nov 2023 17:35:02 GMT",2023-11,Calling AWS Bedrock from code,false,false,12,bedrock|python|llm|boto3|ai,,,,,rss
medium,medium:betterprogramming,3e51432ae0e9,https://medium.com/better-programming/pandas-v-psycopg-a-postgres-database-speed-test-who-wins-3e51432ae0e9,"Fri, 10 Nov 2023 17:34:53 GMT",2023-11,Pandas v Psycopg:,false,false,13,speed-test|psycopg2|postgres|performance|pandas,,,,,rss
medium,medium:betterprogramming,e1f66a3b0530,https://medium.com/better-programming/automating-your-devops-writing-scripts-that-save-time-and-headaches-e1f66a3b0530,"Fri, 10 Nov 2023 17:34:20 GMT",2023-11,Automating Your DevOps: Writing Scripts that Save Time and Headaches,false,false,12,software-development|development|devops|engineering|automation,,,,,rss
medium,medium:betterprogramming,c5f79fc8019e,https://medium.com/better-programming/integrating-psychology-into-software-development-c5f79fc8019e,"Fri, 10 Nov 2023 17:34:07 GMT",2023-11,Integrating Psychology into Software Development,false,false,11,engineering|architecture|software-design|software-development|psychology,,,,,rss
medium,medium:betterprogramming,ccbd1d3f9fd7,https://medium.com/better-programming/gpt-function-calling-5-underrated-use-cases-ccbd1d3f9fd7,"Fri, 10 Nov 2023 17:33:58 GMT",2023-11,GPT Function Calling: 5 Underrated Use Cases,false,true,1714,automation|llm|gpt|chatgpt|openai,,,,,rss
medium,medium:betterprogramming,8d81fccd8250,https://medium.com/better-programming/webassembly-with-go-taking-web-apps-to-the-next-level-8d81fccd8250,"Fri, 10 Nov 2023 17:31:06 GMT",2023-11,WebAssembly with Go: Taking Web Apps to the Next Level,false,true,3023,javascript|golang|tutorial,,,,,rss
medium,medium:betterprogramming,3ee5d41f81a4,https://medium.com/better-programming/3-fundamental-concepts-to-fully-understand-how-the-fetch-api-works-3ee5d41f81a4,"Fri, 10 Nov 2023 17:30:24 GMT",2023-11,3 Fundamental Concepts to Fully Understand how the Fetch API Works,false,false,24,fetch-api|software-development|javascript|web-development|programming,,,,,rss
medium,medium:betterprogramming,48809a853fae,https://medium.com/better-programming/deploy-coreml-models-on-the-server-with-vapor-48809a853fae,"Fri, 10 Nov 2023 17:30:15 GMT",2023-11,Deploy CoreML Models on the Server with Vapor,false,true,2086,swift|programming|ios|machine-learning|apple,,,,,rss
medium,medium:betterprogramming,37afb7a6b26c,https://medium.com/better-programming/full-stack-engineers-dont-exist-37afb7a6b26c,"Fri, 10 Nov 2023 17:28:33 GMT",2023-11,Full Stack Engineers Don’t Exist!,false,false,28,software-development|software-engineering|programming|careers|technology,,,,,rss
medium,medium:aytekintank,d550fb66deed,https://medium.com/swlh/how-i-use-habit-stacking-to-build-better-habits-into-my-workday-d550fb66deed,"Tue, 05 Nov 2024 11:11:09 GMT",2024-11,How I Use Habit Stacking to Build Better Habits Into My Workday,false,true,1006,habits|business|life-hacking|startup|entrepreneurship,,,,,rss
medium,medium:aytekintank,2a257d92017e,https://medium.com/swlh/why-freedom-is-the-biggest-perk-of-entrepreneurship-2a257d92017e,"Mon, 07 Oct 2024 10:38:30 GMT",2024-10,Why Freedom Is The Biggest Perk of Entrepreneurship,false,true,968,leadership|freelancing|entrepreneurship|startup|business,,,,,rss
medium,medium:aytekintank,651fc6c205ca,https://medium.com/swlh/why-ownership-is-one-of-the-most-motivating-forces-there-is-651fc6c205ca,"Tue, 03 Sep 2024 12:43:27 GMT",2024-09,Why Ownership Is One of the Most Motivating Forces There Is,false,true,1054,startup-lessons|business|entrepreneurship|bootstrapping|startup,,,,,rss
medium,medium:aytekintank,3d7fc0ea5764,https://medium.com/swlh/how-to-build-and-maintain-momentum-like-your-business-depends-on-it-3d7fc0ea5764,"Wed, 03 Jul 2024 10:22:08 GMT",2024-07,How to Build and Maintain Momentum Like Your Business Depends on It,false,true,1081,startup|growth|entrepreneurship|startup-lessons|business,,,,,rss
medium,medium:aytekintank,d9c1d7329dad,https://medium.com/swlh/what-mona-lisas-smile-says-about-history-s-most-prolific-creators-d9c1d7329dad,"Tue, 11 Jun 2024 15:20:19 GMT",2024-06,What Mona Lisa’s Smile Says About History’s Most Prolific Creators,false,true,1143,life-lessons|productivity|entrepreneurship|creativity|freelancing,,,,,rss
medium,medium:aytekintank,7c78de164230,https://medium.com/swlh/the-productivity-of-play-how-childlike-curiosity-fuels-innovation-7c78de164230,"Mon, 08 Apr 2024 17:28:28 GMT",2024-04,The Productivity of Play: How Childlike Curiosity Fuels Innovation,false,true,966,startup|creativity|entrepreneurship|business|tech,,,,,rss
medium,medium:aytekintank,b930acbe726a,https://medium.com/swlh/how-controlled-daydreaming-can-be-a-powerful-tool-for-creativity-problem-solving-and-strategic-b930acbe726a,"Wed, 06 Mar 2024 10:40:58 GMT",2024-03,"How Controlled Daydreaming Can Be a Powerful Tool for Creativity, Problem-Solving, and Strategic…",false,true,1060,tech|entrepreneurship|creativity|productivity|life-lessons,,,,,rss
medium,medium:aytekintank,6af0c0fe36ad,https://medium.com/swlh/how-to-preserve-mental-energy-for-key-moments-6af0c0fe36ad,"Wed, 07 Feb 2024 09:25:55 GMT",2024-02,How to Preserve Mental Energy for Key Moments,false,false,14,productivity|life-lessons|entrepreneurship|decision-making|creativity,,,,,rss
medium,medium:aytekintank,3d34f4c7454d,https://medium.com/swlh/the-art-of-meta-scheduling-why-planning-your-planning-is-the-future-3d34f4c7454d,"Wed, 03 Jan 2024 15:09:49 GMT",2024-01,The Art of Meta-Scheduling: Why Planning Your Planning Is the Future,false,true,986,startup|productivity|creativity|writing|entrepreneurship,,,,,rss
medium,medium:aytekintank,7598b7d3d4f0,https://medium.com/swlh/how-to-eliminate-half-of-the-tasks-from-your-to-do-list-using-a-revamped-eisenhower-matrix-7598b7d3d4f0,"Tue, 05 Dec 2023 12:38:24 GMT",2023-12,How to Eliminate Half of the Tasks from Your To-Do List Using a Revamped Eisenhower Matrix,false,true,970,creativity|time-management|entrepreneurship|life-lessons|productivity,,,,,rss
medium,medium:timdenning,7c88058b69af,https://medium.com/illumination/as-a-6-figure-newsletter-writer-i-can-help-you-get-more-subscribers-using-5-rules-7c88058b69af,"Mon, 09 Dec 2024 03:35:14 GMT",2024-12,"As a 6-Figure Newsletter Writer, I Can Help You Get More Subscribers Using 5 Rules",false,false,13,marketing|entrepreneurship|writing|books|newsletter,,,,,rss
medium,medium:timdenning,39b89bd587cf,https://medium.com/illumination/i-spent-51-500-on-business-coaches-heres-the-only-6-solopreneur-rules-you-ll-ever-need-39b89bd587cf,"Tue, 19 Nov 2024 06:38:05 GMT",2024-11,"I Spent $51,500 on Business Coaches (Here’s The Only 6 Solopreneur Rules You’ll Ever Need)",false,false,12,money|business|entrepreneurship|solopreneur|startup,,,,,rss
medium,medium:timdenning,6b9f11d5425b,https://medium.com/illumination/99-of-busy-people-forget-these-simple-things-6b9f11d5425b,"Fri, 01 Nov 2024 10:38:29 GMT",2024-11,99% of Busy People Forget These Simple Things,false,false,14,life|philosophy|self-improvement|life-lessons|productivity,,,,,rss
medium,medium:timdenning,42efa9c092cc,https://medium.com/illumination/heres-what-differentiates-high-achievers-from-average-performers-42efa9c092cc,"Thu, 31 Oct 2024 07:31:59 GMT",2024-10,Here’s What Differentiates High Achievers from Average Performers,false,false,25,success|life-lessons|life|self-improvement|fame,,,,,rss
medium,medium:timdenning,db570e3b6cab,https://medium.com/illumination/go-through-something-that-destroys-you-to-find-out-who-you-really-are-db570e3b6cab,"Mon, 28 Oct 2024 19:15:42 GMT",2024-10,Go Through Something That Destroys You to Find out Who You Really Are,false,false,12,life|self-improvement|life-lessons|philosophy|society,,,,,rss
medium,medium:timdenning,e8009d882bab,https://medium.com/illumination/twelve-smart-steps-to-become-a-millionaire-in-the-next-few-years-e8009d882bab,"Fri, 25 Oct 2024 10:55:46 GMT",2024-10,Twelve Smart Steps to Become a Millionaire in the Next Few Years,false,false,12,money|entrepreneurship|freelancing|marketing|life-lessons,,,,,rss
medium,medium:timdenning,b7abdb9872e1,https://medium.com/illumination/you-only-live-once-f-ck-it-b7abdb9872e1,"Tue, 22 Oct 2024 12:39:33 GMT",2024-10,You Only Live Once. F*ck it.,false,false,19,lifestyle|life-lessons|solopreneur|self-improvement|life,,,,,rss
medium,medium:timdenning,914585271765,https://medium.com/illumination/youre-not-winning-in-life-because-of-these-stupidly-simple-things-914585271765,"Sun, 20 Oct 2024 21:36:21 GMT",2024-10,You’re Not Winning in Life Because of These Stupidly Simple Things,false,false,11,society|writing|social-media|life|marketing,,,,,rss
medium,medium:timdenning,778826058b4d,https://medium.com/illumination/passive-income-will-replace-your-9-5-job-778826058b4d,"Fri, 18 Oct 2024 19:26:29 GMT",2024-10,Passive Income Will Replace Your 9-5 Job,false,false,11,entrepreneurship|money|passive-income|solopreneur|life,,,,,rss
medium,medium:timdenning,04eb71d59daa,https://medium.com/illumination/quit-these-addictions-to-wake-up-in-6-months-like-a-new-person-04eb71d59daa,"Fri, 18 Oct 2024 02:49:15 GMT",2024-10,Quit These Addictions to Wake up in 6 Months like a New Person,false,false,13,culture|society|addiction|life|life-lessons,,,,,rss
medium,medium:jasonfried,c13a5ff0c687,https://medium.com/@jasonfried/the-new-normal-c13a5ff0c687,"Tue, 14 Mar 2023 18:19:15 GMT",2023-03,The New Normal,false,true,434,small-business-owner|small-business|culture|small-business-growth,,,,,rss
medium,medium:theascent,53c2fef5c595,https://medium.com/the-ascent/3-empowering-truths-that-help-you-reach-your-fullest-potential-53c2fef5c595,"Wed, 01 Sep 2021 20:01:06 GMT",2021-09,3 Empowering Truths That Help You Reach Your Fullest Potential,false,false,13,personal-growth|mindset|personal-development|self-improvement|life-lessons,,,,,rss
medium,medium:theascent,6723e5123823,https://medium.com/the-ascent/all-your-questions-about-cannabis-answered-6723e5123823,"Wed, 01 Sep 2021 18:03:13 GMT",2021-09,All Your Questions About Cannabis Answered,false,false,18,cannabis|self|health|spirituality|medicine,,,,,rss
medium,medium:theascent,7c3f29eafc8f,https://medium.com/the-ascent/3-reasons-fiction-can-improve-your-life-more-than-self-help-ever-will-7c3f29eafc8f,"Wed, 01 Sep 2021 17:03:18 GMT",2021-09,3 Reasons Fiction Can Improve Your Life More Than Self-Help Ever Will,false,false,19,reading|mental-health|books|self-improvement|life-lessons,,,,,rss
medium,medium:theascent,c102a542fc52,https://medium.com/the-ascent/everyday-ways-to-save-money-c102a542fc52,"Wed, 01 Sep 2021 16:03:03 GMT",2021-09,Everyday Ways to Save Money,false,true,806,new-york-city|saving-money|college|money|budget,,,,,rss
medium,medium:theascent,ff6ab1b4b91a,https://medium.com/the-ascent/is-there-a-dark-side-of-positive-vibes-ff6ab1b4b91a,"Wed, 01 Sep 2021 15:03:15 GMT",2021-09,Is There a Dark Side of Positive Vibes?,false,true,1137,life-lessons|mental-health|mindset|life|relationships,,,,,rss
medium,medium:theascent,84f9fce80a91,https://medium.com/the-ascent/how-i-beat-epilepsy-in-two-years-with-no-medication-84f9fce80a91,"Wed, 01 Sep 2021 14:03:03 GMT",2021-09,How I Beat Epilepsy in Two Years with No Medication,false,false,13,treatment|self-improvement|epilepsy|health|disease,,,,,rss
medium,medium:theascent,2c23a779d13,https://medium.com/the-ascent/my-mum-tried-minimalism-in-her-70s-for-all-the-wrong-reasons-2c23a779d13,"Wed, 01 Sep 2021 13:03:05 GMT",2021-09,My Mum Tried Minimalism in Her 70s for All the Wrong Reasons,false,false,16,minimalism|sustainability|life-lessons|advice|self-improvement,,,,,rss
medium,medium:theascent,bd1a29fa2cce,https://medium.com/the-ascent/4-small-but-mighty-changes-to-treat-your-body-more-like-a-temple-bd1a29fa2cce,"Wed, 01 Sep 2021 11:03:07 GMT",2021-09,4 Small But Mighty Changes to Treat Your Body More Like a Temple,false,false,9,food|self-improvement|self|mindfulness|health,,,,,rss
medium,medium:theascent,57cda7fbd48c,https://medium.com/the-ascent/5-behavioral-changes-ive-made-to-radically-improve-my-sleep-quality-57cda7fbd48c,"Wed, 01 Sep 2021 01:02:59 GMT",2021-09,5 Behavioral Changes I’ve Made to Radically Improve My Sleep Quality,false,false,24,sleep|productivity|self-development|health|self-help,,,,,rss
medium,medium:theascent,9ffe106ed9e8,https://medium.com/the-ascent/our-world-expands-when-we-dont-insist-on-being-right-9ffe106ed9e8,"Tue, 31 Aug 2021 23:03:52 GMT",2021-08,Our world expands when we don’t insist on being right,false,false,15,self-improvement|life|love|empathy|listening,,,,,rss
medium,medium:swlh,c82b2ef76d33,https://medium.com/swlh/the-simple-math-you-need-to-manage-unpredictable-income-c82b2ef76d33,"Mon, 25 May 2026 13:56:00 GMT",2026-05,The Simple Math You Need to Manage Unpredictable Income,false,false,25,freelance-success|writing-tips|freelance|saving-money|financial-tracking,,,,,rss
medium,medium:swlh,396cb0c83ba2,https://medium.com/swlh/these-countries-offer-real-estate-visas-and-easy-foreign-mortgages-396cb0c83ba2,"Mon, 25 May 2026 08:54:30 GMT",2026-05,These Countries Offer Real Estate Visas and “Easy” Foreign Mortgages,false,false,19,international-living|mortgage|moving-abroad|retirement|real-estate,,,,,rss
medium,medium:swlh,636a49efcf74,https://medium.com/swlh/my-consultant-spent-83-of-her-time-helping-clients-sleep-better-i-almost-went-wtf-636a49efcf74,"Sat, 16 May 2026 19:36:00 GMT",2026-05,My Consultant Spent 83% of Her Time Helping Clients Sleep Better. I Almost Went WTF.,false,false,11,work|psychology|productivity|relationships|life-lessons,,,,,rss
medium,medium:swlh,007a3595cf31,https://medium.com/swlh/best-mba-alternatives-under-500-2026-007a3595cf31,"Sat, 16 May 2026 15:16:00 GMT",2026-05,The 12 Best MBA Alternatives & Online Business Courses Under $500 In 2026 (I Tested All Of Them),false,true,7284,marketing|finance|startup|entrepreneurship|business,,,,,rss
medium,medium:swlh,32d2c8b99225,https://medium.com/swlh/my-boss-accidentally-taught-me-why-most-startups-fail-32d2c8b99225,"Sat, 16 May 2026 10:11:00 GMT",2026-05,My Boss Accidentally Taught Me Why Most Startups Fail,false,false,12,self-improvement|startup-lessons|psychology|startup|business,,,,,rss
medium,medium:swlh,458f5b14b49c,https://medium.com/swlh/how-everyone-can-tell-you-write-with-ai-458f5b14b49c,"Sat, 16 May 2026 04:11:00 GMT",2026-05,How Everyone Can Tell You Write With AI,false,true,1232,copywriting|content-marketing|startup-marketing,,,,,rss
medium,medium:swlh,3a982c06b4cb,https://medium.com/swlh/i-evaluated-158-ai-sales-tools-3a982c06b4cb,"Fri, 15 May 2026 23:11:00 GMT",2026-05,I Evaluated 158 AI Sales Tools,false,true,2276,sales|management|leadership|software|ai,,,,,rss
medium,medium:swlh,f4d76561c892,https://medium.com/swlh/how-i-came-back-to-medium-after-an-18-month-hiatus-and-stopped-pretending-i-did-not-care-f4d76561c892,"Fri, 15 May 2026 20:11:00 GMT",2026-05,How I Came Back to Medium After an 18-Month Hiatus and Stopped Pretending I Did Not Care,false,true,1329,life-lessons|self-improvement|medium|writing|personal-growth,,,,,rss
medium,medium:swlh,23ca2bea396b,https://medium.com/swlh/6-countries-with-the-cheapest-real-estate-visas-when-you-cant-afford-a-home-in-the-u-s-23ca2bea396b,"Fri, 15 May 2026 14:06:49 GMT",2026-05,6 Countries With The Cheapest Real Estate Visas (When You Can’t Afford A Home In The U.S.),false,false,18,affordable-housing|real-estate|colombia|retirement-visa|moving-abroad,,,,,rss
medium,medium:swlh,77412e73fcd5,https://medium.com/swlh/how-benas-leonavicius-is-building-a-30k-month-personal-branding-agency-77412e73fcd5,"Thu, 14 May 2026 09:58:32 GMT",2026-05,How Benas Leonavicius Is Building a $30K/Month Personal Branding Agency,false,false,15,business|entrepreneurship|digital-marketing-agency|case-study|business-strategy,,,,,rss
medium,medium:marker,56902fcd0942,https://marker.medium.com/netflix-loses-paid-users-for-the-first-time-in-a-decade-56902fcd0942,"Wed, 20 Apr 2022 13:48:19 GMT",2022-04,Netflix Loses Paid Users For the First Time in a Decade,false,false,17,technology|business|economy|netflix|streaming,,,,,rss
medium,medium:marker,290447bcb4f3,https://marker.medium.com/fast-an-autopsy-290447bcb4f3,"Mon, 18 Apr 2022 21:37:16 GMT",2022-04,Fast: An Autopsy,false,false,18,technology|startup|failure|startup-lessons|venture-capital,,,,,rss
medium,medium:marker,cba7df57b58c,https://marker.medium.com/why-we-need-to-keep-competition-alive-cba7df57b58c,"Mon, 18 Apr 2022 13:48:42 GMT",2022-04,Why We Need to Keep Competition Alive,false,true,1986,no-mercy-no-malice|antitrust|free-speech|business|competition,,,,,rss
medium,medium:marker,a52ddf578f09,https://marker.medium.com/twitter-after-elon-a52ddf578f09,"Sat, 16 Apr 2022 19:05:19 GMT",2022-04,Twitter After Elon,false,false,13,,,,,,rss
medium,medium:marker,9c3fcf0f413d,https://marker.medium.com/the-elon-musk-rollercoaster-of-volatility-9c3fcf0f413d,"Mon, 11 Apr 2022 14:21:17 GMT",2022-04,The Elon Musk Rollercoaster of Volatility,false,true,2406,tesla|twitter|elon-musk|no-mercy-no-malice|business,,,,,rss
medium,medium:marker,3ce2a929542d,https://marker.medium.com/the-ed-sheeran-problem-or-how-the-record-industry-got-what-it-asked-for-3ce2a929542d,"Sat, 09 Apr 2022 17:52:10 GMT",2022-04,"The Ed Sheeran Problem, or, How the Record Industry Got What It Asked For",false,true,1197,napster-wars|copyfight|ed-sheeran|blurred-lines|riaa,,,,,rss
medium,medium:marker,12499d6aaa35,https://marker.medium.com/elon-musk-and-twitters-business-are-on-a-collision-course-12499d6aaa35,"Sat, 09 Apr 2022 16:53:07 GMT",2022-04,Elon Musk and Twitter’s Business Are on a Collision Course,false,false,26,,,,,,rss
medium,medium:marker,2aea9547e3e3,https://marker.medium.com/could-spain-finally-be-about-to-join-the-21st-century-2aea9547e3e3,"Thu, 07 Apr 2022 17:38:50 GMT",2022-04,Could Spain Finally Be About to Join the 21st Century?,false,false,17,semiconductors|engineering|industry|spain|solar-energy,,,,,rss
medium,medium:marker,2ec963690e97,https://marker.medium.com/a-simple-and-reliable-retirement-investment-strategy-anyone-could-use-2ec963690e97,"Thu, 07 Apr 2022 11:24:10 GMT",2022-04,How To Apply The Concealed Wisdom of Equitable Holdings’ Investment Strategy,false,false,12,sp-500-index|retirement|economics|investing|money,,,,,rss
medium,medium:marker,640e224f712e,https://marker.medium.com/elon-musk-watches-the-birdie-640e224f712e,"Tue, 05 Apr 2022 18:00:09 GMT",2022-04,Elon Musk Watches the Birdie…,false,false,19,censorship|twitter|investment|elon-musk|free-speech,,,,,rss
medium,medium:umairh,4013f33a4be5,https://medium.com/eudaimonia-co/the-truth-we-cant-face-about-the-world-we-live-in-now-4013f33a4be5,"Sat, 18 Jul 2026 10:40:13 GMT",2026-07,THE TRUTH WE CAN’T FACE ABOUT THE WORLD WE LIVE IN NOW,false,false,36,,,,,,rss
medium,medium:umairh,e7ba097d574a,https://medium.com/eudaimonia-co/the-necrocosm-and-hypercivilization-e7ba097d574a,"Sun, 05 Jul 2026 07:10:58 GMT",2026-07,THE NECROCOSM AND HYPERCIVILIZATION,false,true,1502,,,,,,rss
medium,medium:umairh,8c2f87162447,https://medium.com/eudaimonia-co/the-coming-wave-of-white-collar-suicides-8c2f87162447,"Tue, 30 Jun 2026 02:07:32 GMT",2026-06,THE COMING WAVE OF WHITE COLLAR SUICIDES,false,true,1946,politics|finance|economics|life|psychology,,,,,rss
medium,medium:umairh,a1ce5673f2c0,https://medium.com/eudaimonia-co/fuck-the-people-who-fucked-the-world-or-why-the-only-questions-left-arent-worth-wasting-our-lives-a1ce5673f2c0,"Thu, 18 Jun 2026 11:45:23 GMT",2026-06,"FUCK THE PEOPLE WHO FUCKED THE WORLD, OR WHY THE ONLY QUESTIONS LEFT AREN’T WORTH WASTING OUR LIVES…",false,true,2195,,,,,,rss
medium,medium:umairh,84adedca303b,https://medium.com/eudaimonia-co/why-the-only-people-i-talk-to-anymore-are-the-ones-i-can-say-the-quiet-part-out-loud-to-84adedca303b,"Fri, 12 Jun 2026 01:33:28 GMT",2026-06,(WHY) THE ONLY PEOPLE I TALK TO ANYMORE ARE THE ONES I CAN SAY THE QUIET PART OUT LOUD TO,false,true,2674,economics|psychology|news|politics|life,,,,,rss
medium,medium:umairh,e0f2dfe1bf36,https://medium.com/eudaimonia-co/2051-or-will-we-even-have-an-economy-anymore-e0f2dfe1bf36,"Sun, 17 May 2026 06:19:49 GMT",2026-05,"2051, OR WILL WE EVEN HAVE AN ECONOMY ANYMORE?",false,true,1161,economics|technology|business|life|finance,,,,,rss
medium,medium:umairh,2225e8c4bb97,https://medium.com/eudaimonia-co/why-the-future-is-made-of-nothing-2225e8c4bb97,"Sun, 10 May 2026 12:17:02 GMT",2026-05,WHY THE FUTURE IS MADE OF NOTHING,false,false,15,news|finance|economics|politics|life,,,,,rss
medium,medium:umairh,3ab10c387fbe,https://medium.com/eudaimonia-co/why-we-all-feel-like-giving-up-and-what-to-do-about-it-3ab10c387fbe,"Sun, 03 May 2026 08:35:54 GMT",2026-05,WHY WE ALL FEEL LIKE GIVING UP (AND WHAT TO DO ABOUT IT),false,true,746,politics|life|news|self-improvement|psychology,,,,,rss
medium,medium:umairh,1c91d4c797f1,https://medium.com/eudaimonia-co/why-the-economy-is-a-house-of-cards-in-an-earthquake-zone-1c91d4c797f1,"Wed, 29 Apr 2026 00:34:10 GMT",2026-04,WHY THE ECONOMY IS A HOUSE OF CARDS…IN AN EARTHQUAKE ZONE,false,true,2009,economics|finance|news|life|investing,,,,,rss
medium,medium:umairh,bf1de83ee456,https://medium.com/eudaimonia-co/the-age-of-thanatos-or-the-demonic-and-our-world-bf1de83ee456,"Thu, 16 Apr 2026 04:48:48 GMT",2026-04,"THE AGE OF THANATOS, OR THE DEMONIC AND OUR WORLD",false,false,31,life|news|philosophy|psychology|self-improvement,,,,,rss
medium,medium:gen,9595e16c82d1,https://gen.medium.com/did-the-internet-break-democracy-9595e16c82d1,"Tue, 19 Apr 2022 21:43:12 GMT",2022-04,Did the Internet Break Democracy?,false,false,26,social-media|democracy|polarization|internet|voting,,,,,rss
medium,medium:gen,5021193272e7,https://gen.medium.com/dianne-feinstein-and-other-senators-like-her-need-to-retire-5021193272e7,"Tue, 19 Apr 2022 18:38:56 GMT",2022-04,Dianne Feinstein and Other Senators Like Her Need to Retire,false,false,25,,,,,,rss
medium,medium:gen,127b70a13b2a,https://gen.medium.com/floridas-ron-desantis-s-extremism-is-setting-up-his-presidential-run-127b70a13b2a,"Tue, 19 Apr 2022 18:32:31 GMT",2022-04,Ron DeSantis’s Extremism is Setting Up His Presidential Run,false,false,28,ron-desantis|dont-say-gay|diversity-and-inclusion|florida|masks,,,,,rss
medium,medium:gen,afe888b7df98,https://gen.medium.com/its-not-like-he-s-a-rapist-afe888b7df98,"Sun, 17 Apr 2022 21:35:23 GMT",2022-04,“It’s Not Like He’s a Rapist”,false,false,17,metoo|comedy|cancel-culture|feminism|entertainment,,,,,rss
medium,medium:gen,6b92163e0873,https://gen.medium.com/more-police-would-not-have-stopped-the-tragedy-in-brooklyn-heres-why-6b92163e0873,"Sat, 16 Apr 2022 08:00:13 GMT",2022-04,More Police Would Not Have Stopped The Tragedy in Brooklyn — Here’s Why,false,false,15,politics|blacklivesmatter|life|police|racism,,,,,rss
medium,medium:gen,f92e93dd44dc,https://gen.medium.com/joe-bidens-call-to-fund-the-police-will-haunt-him-and-democrats-f92e93dd44dc,"Fri, 15 Apr 2022 13:40:26 GMT",2022-04,Joe Biden’s Call to “Fund the Police” Will Haunt Him and Democrats,false,true,1093,joe-biden|police-brutality|patrick-lyoya|blm|democrats,,,,,rss
medium,medium:gen,b94edc1e5668,https://gen.medium.com/russias-militant-white-supremacists-b94edc1e5668,"Thu, 14 Apr 2022 13:34:07 GMT",2022-04,Russia’s Militant White Supremacists,false,true,678,neo-nazis|russia|ukraine-war|white-supremacy,,,,,rss
medium,medium:gen,c1d415a4c02,https://gen.medium.com/americas-400-top-earners-pay-less-tax-than-you-c1d415a4c02,"Thu, 14 Apr 2022 08:51:05 GMT",2022-04,America’s 400 Top Earners Pay Less Tax Than You,false,false,12,propublica|american-oligarchs|the-orifice-lottery|wealth-tax|the-irs-leaks,,,,,rss
medium,medium:gen,23f87d44dc1,https://gen.medium.com/were-in-a-trust-crisis-here-s-what-we-can-do-about-it-23f87d44dc1,"Wed, 13 Apr 2022 21:37:54 GMT",2022-04,We’re In A Trust Crisis. Here’s What We Can Do About It.,false,false,12,trust,,,,,rss
medium,medium:gen,31ce5a32dce,https://gen.medium.com/how-the-grooming-smear-hurts-abuse-survivors-31ce5a32dce,"Tue, 12 Apr 2022 15:09:40 GMT",2022-04,How the ‘Grooming’ Smear Hurts Abuse Survivors,false,false,26,culture|abuse|lgbtq|children|politics,,,,,rss
medium,medium:zora,12c121e7b1a4,https://zora.medium.com/nice-bias-part-2-the-accomplices-12c121e7b1a4,"Thu, 24 Sep 2026 22:53:33 GMT",2026-09,"Nice Bias: The Handlers, Accomplices, and Fake Friends",false,false,16,office-culture|black-women|work|racism|nice-bias,,,,,rss
medium,medium:zora,45c0eeeb81ce,https://zora.medium.com/chris-rock-can-say-the-n-word-that-doesnt-mean-he-gets-to-hand-out-guest-passes-45c0eeeb81ce,"Thu, 24 Sep 2026 12:16:02 GMT",2026-09,Chris Rock Can Say the N-Word. That Doesn’t Mean He Gets to Hand Out Guest Passes.,false,false,28,social-media|psychology|race|culture|film,,,,,rss
medium,medium:zora,5d2c18bf856c,https://zora.medium.com/weve-gotten-really-good-at-watching-people-fall-apart-and-moving-on-5d2c18bf856c,"Wed, 23 Sep 2026 12:16:01 GMT",2026-09,We’ve Gotten Really Good at Watching People Fall Apart and Moving On,false,false,33,work|psychology|business|mental-health|culture,,,,,rss
medium,medium:zora,0c5b152f8bde,https://zora.medium.com/nikole-hannah-jones-is-asking-the-question-black-parents-know-too-well-what-do-we-sacrifice-0c5b152f8bde,"Tue, 22 Sep 2026 12:16:01 GMT",2026-09,Nikole Hannah-Jones Is Asking the Question Black Parents Know Too Well: What Do We Sacrifice?,false,false,29,culture|education|racism|history|parenting,,,,,rss
medium,medium:zora,ad0aaad4bb19,https://zora.medium.com/i-expected-more-from-symone-sanders-ad0aaad4bb19,"Mon, 21 Sep 2026 12:16:01 GMT",2026-09,I Expected More From Symone Sanders.,false,false,26,social-media|culture|society|history|politics,,,,,rss
medium,medium:zora,84f4f5887bd5,https://zora.medium.com/sydney-sweeney-can-be-naked-if-she-wants-female-athletes-can-still-be-pissed-84f4f5887bd5,"Fri, 18 Sep 2026 15:42:35 GMT",2026-09,Sydney Sweeney Can Be Naked If She Wants. Female Athletes Can Still Be Pissed.,false,false,32,business|marketing|culture|sports|women,,,,,rss
medium,medium:zora,f1ab6017c92b,https://zora.medium.com/black-women-were-told-our-hair-needed-fixing-now-lor%C3%A9al-is-being-sued-over-what-we-weren-t-told-f1ab6017c92b,"Thu, 17 Sep 2026 16:19:21 GMT",2026-09,Black Women Were Told Our Hair Needed Fixing. Now L’Oréal Is Being Sued Over What We Weren’t Told.,false,false,21,women|culture|society|business|health,,,,,rss
medium,medium:zora,72faec472b5e,https://zora.medium.com/what-the-kj-biermann-case-says-about-white-male-privilege-72faec472b5e,"Tue, 15 Sep 2026 12:16:01 GMT",2026-09,What the KJ Biermann Case Says About White Male Privilege,false,false,29,race|culture|psychology|justice|parenting,,,,,rss
medium,medium:zora,c3b889b59527,https://zora.medium.com/lindsay-clancy-got-the-benefit-of-complexity-her-lone-black-holdout-juror-is-not-c3b889b59527,"Mon, 14 Sep 2026 12:16:01 GMT",2026-09,Lindsay Clancy Got the Benefit of Complexity. Her Lone Black Holdout Juror Is Not.,false,false,29,justice|mental-health|race|true-crime|culture,,,,,rss
medium,medium:onezero,b2e8d5cda826,https://onezero.medium.com/revenge-of-the-chickenized-reverse-centaurs-b2e8d5cda826,"Tue, 19 Apr 2022 21:46:26 GMT",2022-04,Revenge of the Chickenized Reverse-Centaurs,false,true,2066,labor|worker-power|automation|tuyul|algospeak,,,,,rss
medium,medium:onezero,52d4424c2775,https://onezero.medium.com/technology-taught-us-to-never-wait-52d4424c2775,"Tue, 19 Apr 2022 16:12:04 GMT",2022-04,Technology Taught Us To Never Wait,false,false,13,analysis|patience|internet|technology,,,,,rss
medium,medium:onezero,92ab815b73d6,https://onezero.medium.com/is-ai-art-real-art-92ab815b73d6,"Tue, 19 Apr 2022 14:48:12 GMT",2022-04,Is AI Art Real Art?,false,true,685,art|machine-learning|ai|nft|generative-art,,,,,rss
medium,medium:onezero,1e6be68b8ca0,https://onezero.medium.com/you-cant-just-solve-the-fake-news-problem-by-getting-rid-of-social-media-1e6be68b8ca0,"Mon, 18 Apr 2022 21:49:01 GMT",2022-04,You Can’t Just Solve the ‘Fake News’ Problem By Getting Rid of Social Media,false,false,19,culture|psychology|news|bias|social-media,,,,,rss
medium,medium:onezero,dccfb3ee7d0a,https://onezero.medium.com/of-algospeak-and-the-crudeness-of-automated-moderation-dccfb3ee7d0a,"Sat, 16 Apr 2022 08:00:40 GMT",2022-04,Of ‘Algospeak’ and the Crudeness of Automated Moderation,false,false,17,algorithms|psychology|social-media|moderation|tik-tok,,,,,rss
medium,medium:onezero,6ae4a7d66ad6,https://onezero.medium.com/why-i-changed-my-mind-about-virtual-reality-6ae4a7d66ad6,"Fri, 15 Apr 2022 20:45:03 GMT",2022-04,Why I Changed My Mind About Virtual Reality,false,false,18,gaming|tech|virtual-reality|technology|vr,,,,,rss
medium,medium:onezero,fd631f1e7817,https://onezero.medium.com/elon-musk-tries-to-buy-twitter-whats-actually-happening-fd631f1e7817,"Fri, 15 Apr 2022 13:32:25 GMT",2022-04,Elon Musk Tries To Buy Twitter: What’s Actually Happening,false,false,18,,,,,,rss
medium,medium:onezero,c46910ad75d8,https://onezero.medium.com/can-tech-strengthen-civil-society-now-c46910ad75d8,"Thu, 14 Apr 2022 12:03:51 GMT",2022-04,Can Tech Strengthen Civil Society Now?,false,false,12,democracy|civictech|power|big-tech|freedom,,,,,rss
medium,medium:onezero,8e94f2089c8f,https://onezero.medium.com/17-questions-tech-doesnt-want-you-asking-8e94f2089c8f,"Wed, 13 Apr 2022 19:54:21 GMT",2022-04,17 Questions Tech Doesn’t Want You Asking,false,false,23,,,,,,rss
medium,medium:onezero,ad024f083c89,https://onezero.medium.com/why-were-creating-language-to-hide-from-tech-s-censorship-systems-ad024f083c89,"Tue, 12 Apr 2022 15:05:33 GMT",2022-04,Why We’re Creating Language to Hide from Tech’s Censorship Systems,false,false,20,tech-censorship|tiktok-app|graphical-communication|algospeak|languages-online,,,,,rss
medium,medium:humanparts,993267070192,https://humanparts.medium.com/high-contrast-winter-993267070192,"Sat, 22 Aug 2026 14:46:19 GMT",2026-08,High Contrast Winter,false,true,1531,coming-of-age|humor|memories|college|friendship,,,,,rss
medium,medium:humanparts,952a7fa4d10f,https://humanparts.medium.com/where-the-jaguar-sleeps-952a7fa4d10f,"Fri, 14 Aug 2026 10:57:08 GMT",2026-08,Where the Jaguar Sleeps,false,false,16,race|personal-essay|family|memoir|identity,,,,,rss
medium,medium:humanparts,1f0b72f4abb9,https://humanparts.medium.com/how-to-leave-1f0b72f4abb9,"Thu, 18 Jun 2026 18:02:04 GMT",2026-06,How to Leave,false,false,11,literature|learning|life|college|commencement,,,,,rss
medium,medium:humanparts,f8f2b32eb816,https://humanparts.medium.com/when-the-easiest-child-to-love-dies-first-f8f2b32eb816,"Fri, 05 Jun 2026 12:31:00 GMT",2026-06,When The Easiest Child to Love Dies First,false,false,18,mental-health|grief|identity|personal-essay|family,,,,,rss
medium,medium:humanparts,d0df1a3eeba7,https://humanparts.medium.com/martin-luther-king-jr-s-prophecy-on-flawed-liberalism-d0df1a3eeba7,"Thu, 04 Jun 2026 20:46:15 GMT",2026-06,Martin Luther King Jr.’s Prophecy On Flawed Liberalism,false,false,27,social-justice|history|equality|film|health,,,,,rss
medium,medium:humanparts,6b4df61ca132,https://humanparts.medium.com/the-fairy-door-6b4df61ca132,"Thu, 04 Jun 2026 18:36:31 GMT",2026-06,The Fairy Door,false,true,2253,father-and-daughter|philosophy|parenting|fairies|culture,,,,,rss
medium,medium:humanparts,a91a0b0ea276,https://humanparts.medium.com/in-the-sea-in-her-dress-a91a0b0ea276,"Thu, 04 Jun 2026 16:22:31 GMT",2026-06,In the Sea in Her Dress,false,true,1948,memories|personal-essay|family|culture|love,,,,,rss
medium,medium:humanparts,246c045b6a9c,https://humanparts.medium.com/the-seesaw-i-could-not-sit-on-246c045b6a9c,"Sun, 31 May 2026 21:00:13 GMT",2026-05,The Seesaw I Could Not Sit On,false,true,637,growing-up|childhood|personal-essay|loss|family,,,,,rss
medium,medium:humanparts,7c5cb88f7bf6,https://humanparts.medium.com/the-marriage-advice-my-mother-gave-me-on-her-50th-anniversary-7c5cb88f7bf6,"Sun, 31 May 2026 20:57:51 GMT",2026-05,The Marriage Advice My Mother Gave Me on Her 50th Anniversary,false,false,22,personal-essay|family|love|relationships|marriage,,,,,rss
medium,medium:humanparts,191448c2af16,https://humanparts.medium.com/the-cabin-191448c2af16,"Thu, 28 May 2026 15:25:12 GMT",2026-05,The Cabin,false,true,744,culture|family|mental-health|nonfiction|resilience,,,,,rss
medium,medium:zulie,3d4045ec25f8,https://medium.com/the-diy-diaries/dont-start-a-vegetable-garden-to-save-money-3d4045ec25f8,"Mon, 21 Sep 2026 13:55:58 GMT",2026-09,Don’t start a vegetable garden to save money,false,false,21,plants|personal-development|gardening|money|writing-prompts,,,,,rss
medium,medium:zulie,b2e4b906d558,https://zulie.medium.com/my-intuition-was-actually-just-anxiety-i-learned-how-to-tell-the-difference-b2e4b906d558,"Fri, 27 Mar 2026 00:56:42 GMT",2026-03,"My ""intuition"" was actually just anxiety. I learned how to tell the difference.",false,false,19,wellness|lifestyle|health|self-improvement|mental-health,,,,,rss
medium,medium:zulie,128effcabcae,https://medium.com/zulie-writes/how-my-husband-got-me-to-play-magic-the-gathering-128effcabcae,"Thu, 29 Jan 2026 13:50:56 GMT",2026-01,How My Husband Got Me to Play Magic: The Gathering,false,false,22,magic-the-gathering|relationships|games|parenting|board-games,,,,,rss
medium,medium:zulie,f7e7cef93043,https://medium.com/gardening-birding-and-outdoor-adventure/four-tips-for-closing-your-garden-for-the-winter-f7e7cef93043,"Tue, 02 Dec 2025 18:34:10 GMT",2025-12,Four tips for closing your garden for the winter,false,false,18,outdoors|photography|nature|plants|gardening,,,,,rss
medium,medium:zulie,15eed3ce6cc5,https://medium.com/up-to-spec/dark-academia-books-need-more-middle-aged-protagonists-15eed3ce6cc5,"Tue, 14 Oct 2025 14:59:28 GMT",2025-10,Dark academia books need more middle-aged protagonists,false,false,7,books|personal-development|relationships|reading|writing,,,,,rss
medium,medium:zulie,36f79fb789b6,https://zulie.medium.com/on-shoehorning-your-hobby-into-your-job-no-it-wont-kill-your-passion-36f79fb789b6,"Mon, 30 Jun 2025 19:56:16 GMT",2025-06,"On shoehorning your hobby into your job (no, it won’t kill your passion)",false,true,869,just-start-writing|work|productivity|writing|careers,,,,,rss
medium,medium:zulie,98317c192c9b,https://writingcooperative.com/the-case-for-killing-directionless-verbs-in-your-writing-98317c192c9b,"Thu, 01 May 2025 13:01:44 GMT",2025-05,The Case for Killing “Directionless Verbs” in Your Writing,false,false,18,editing|writing-tips|writing|editing-and-proofreading|draft-day-2025,,,,,rss
medium,medium:zulie,172c0bbd3280,https://medium.com/the-parenting-portal/the-problem-with-science-communication-as-demonstrated-with-50mls-of-breast-milk-172c0bbd3280,"Thu, 17 Apr 2025 12:50:32 GMT",2025-04,The Problem with Science Communication (as Demonstrated with 50mls of Breast Milk),false,false,12,health|parenting|science|family|research,,,,,rss
medium,medium:zulie,5b7d84d199b0,https://medium.com/zulie-writes/my-abortion-is-why-a-heartbeat-ban-doesnt-work-5b7d84d199b0,"Wed, 29 Jan 2025 23:16:48 GMT",2025-01,I Aborted a Wanted Pregnancy,false,false,19,politics|health|culture|women|society,,,,,rss
medium,medium:zulie,88779d61893d,https://medium.com/the-parenting-portal/24-things-i-learned-about-motherhood-in-2024-88779d61893d,"Sat, 14 Dec 2024 13:01:29 GMT",2024-12,24 Things I Learned About Motherhood in 2024,false,false,17,relationships|parenting|children|culture|womens-health,,,,,rss
medium,medium:betterhumans,872634b23a8e,https://medium.com/better-humans/better-virtual-meetings-start-with-a-pro-setup-try-these-8-tips-872634b23a8e,"Wed, 18 Mar 2026 14:52:13 GMT",2026-03,Better Virtual Meetings Start with a Pro Setup: Try These 8 Tips,false,true,1002,leadership-development|teamwork|leadership-skills|remote-working|meetings,,,,,rss
medium,medium:betterhumans,246d83c968f1,https://medium.com/better-humans/the-easy-life-is-a-trap-246d83c968f1,"Fri, 29 Aug 2025 14:58:31 GMT",2025-08,The ‘Easy Life’ Is a Trap,false,false,22,self-improvement|mental-health|life-lessons|convenience|lifestyle-design,,,,,rss
medium,medium:betterhumans,9b9f33e22cb8,https://medium.com/better-humans/why-i-thank-the-universe-every-time-im-triggered-9b9f33e22cb8,"Tue, 26 Aug 2025 19:35:42 GMT",2025-08,Why I Thank the Universe Every Time I’m Triggered,false,true,1051,self-growth|self-development|phylosophy|mindfulness|personal-development,,,,,rss
medium,medium:betterhumans,87b84e8788af,https://medium.com/better-humans/slash-careers-revisited-87b84e8788af,"Tue, 26 Aug 2025 13:22:02 GMT",2025-08,Slash Careers Revisited,false,true,1192,careers|purpose|work-life-balance|jobs|future-of-work,,,,,rss
medium,medium:betterhumans,9e8f6c37e3cb,https://medium.com/better-humans/how-to-reclaim-your-attention-my-practical-strategies-for-a-distracted-world-9e8f6c37e3cb,"Fri, 15 Aug 2025 20:51:30 GMT",2025-08,How to Reclaim Your Attention: My Practical Strategies for a Distracted World,false,false,19,apple-watch|books|johann-hari|productivity|focus,,,,,rss
medium,medium:betterhumans,b1a7ee707841,https://medium.com/better-humans/the-10-warning-signs-that-your-relationship-may-not-be-healthy-b1a7ee707841,"Tue, 22 Jul 2025 18:52:28 GMT",2025-07,The 10 Warning Signs That Your Relationship May Not Be Healthy,false,false,27,relationships|domestic-violence|healthy|couples|self-improvement,,,,,rss
medium,medium:betterhumans,5571864b13d3,https://medium.com/better-humans/certainty-is-for-dead-things-5571864b13d3,"Mon, 12 May 2025 20:11:51 GMT",2025-05,Certainty Is for Dead Things,false,true,464,paradox|life|psychology|philosophy|personal-development,,,,,rss
medium,medium:betterhumans,5db199ff3420,https://medium.com/@imogenmary/why-being-vulnerable-is-the-secret-to-stronger-friendships-5db199ff3420,"Tue, 29 Apr 2025 10:29:14 GMT",2025-04,Why Being Vulnerable is the Secret to Stronger Friendships,false,false,18,modern-women|personal-growth|relationships|friendship|vulnerability,,,,,rss
medium,medium:betterhumans,ec0428efe3f6,https://medium.com/better-humans/what-if-you-gave-more-energy-to-the-friendships-that-give-back-ec0428efe3f6,"Mon, 24 Mar 2025 14:06:20 GMT",2025-03,What If You Gave More Energy to the Friendships That Give Back?,false,false,22,life-lessons|mental-health|friendship|personal-growth|relationships,,,,,rss
medium,medium:betterhumans,a848f8d2942c,https://medium.com/better-humans/were-you-born-to-lead-you-might-be-surprised-at-the-answer-a848f8d2942c,"Mon, 24 Mar 2025 14:05:41 GMT",2025-03,Were You Born to Lead? (You Might be Surprised at the Answer),false,false,20,leadership-development|influence|leadership|self-improvement|self-awareness,,,,,rss
medium,medium:forge,f67552cad006,https://forge.medium.com/the-tyranny-of-the-note-taking-industrial-complex-and-other-notes-on-notes-f67552cad006,"Wed, 13 Apr 2022 09:40:37 GMT",2022-04,The Tyranny of the Note Taking Industrial Complex,false,false,10,notes|research|studying|organization|note-to-self,,,,,rss
medium,medium:forge,d84e2f311493,https://forge.medium.com/draw-little-conclusions-not-big-ones-d84e2f311493,"Fri, 08 Apr 2022 13:15:05 GMT",2022-04,"Draw Little Conclusions, Not Big Ones",false,false,32,decision-making|storytelling|choices|time-management|happiness,,,,,rss
medium,medium:forge,b642f8370539,https://forge.medium.com/i-didnt-buy-anything-for-one-hundred-days-here-is-what-i-learned-b642f8370539,"Fri, 08 Apr 2022 13:12:42 GMT",2022-04,I Didn’t Buy Anything for One Hundred Days. Here’s What I Learned.,false,false,14,consumerism|self-improvement|minimalism|shopping|psychology,,,,,rss
medium,medium:forge,144932d2135b,https://forge.medium.com/mastering-the-art-of-ambling-into-minimalism-144932d2135b,"Wed, 06 Apr 2022 11:40:21 GMT",2022-04,Mastering the Art of Ambling Into Minimalism,false,false,24,self|minimalism|sustainability|lifestyle|decluttering,,,,,rss
medium,medium:forge,fe034390194a,https://forge.medium.com/when-it-comes-to-friendships-its-ok-to-be-the-planner-fe034390194a,"Tue, 05 Apr 2022 14:10:24 GMT",2022-04,"When It Comes to Friendships, It’s OK to Be the Planner",false,false,14,organization|friendship|relationships|time-management|planning,,,,,rss
medium,medium:forge,5944c34ca06e,https://forge.medium.com/the-2-000-year-old-temple-inscriptions-that-sum-up-how-self-improvement-works-5944c34ca06e,"Mon, 04 Apr 2022 08:10:59 GMT",2022-04,"The 2,000 Year Old Temple Inscriptions That Sum Up How Self-Improvement Works",false,false,21,philosophy|growth|life-lessons|personal-development|self-improvement,,,,,rss
medium,medium:forge,aca71f960e8b,https://forge.medium.com/the-japanese-character-for-rest-helped-me-find-it-aca71f960e8b,"Fri, 01 Apr 2022 14:03:41 GMT",2022-04,The Japanese Character for Rest Helped Me Find It,false,false,12,life-lessons|mindfulness|self-improvement|philosophy|health,,,,,rss
medium,medium:forge,89cf0adab987,https://forge.medium.com/the-question-that-frees-up-a-schedule-89cf0adab987,"Fri, 01 Apr 2022 12:07:46 GMT",2022-04,The Question That Frees Up a Schedule,false,false,23,calendar|scheduling|planning|productivity|time-management,,,,,rss
medium,medium:forge,cbcff0353ecf,https://forge.medium.com/fuel-personal-growth-by-deliberately-seeking-discomfort-cbcff0353ecf,"Thu, 31 Mar 2022 17:33:53 GMT",2022-03,Fuel Personal Growth by Deliberately Seeking Discomfort,false,false,24,all-about-adolescence|resilience|allaboutu|comedy|personal-growth,,,,,rss
medium,medium:forge,22299beefad7,https://forge.medium.com/signs-that-your-biggest-fear-is-being-a-burden-22299beefad7,"Thu, 31 Mar 2022 10:47:18 GMT",2022-03,5 Signs That Your Biggest Fear is ‘Being a Burden’,false,false,21,therapy|people-pleaser|fawn-response|fawning|trauma,,,,,rss
